fp_id,area_m2,mean_height_m,max_height_m,osm_matched,osm_id,osm_tag,osm_name,osm_iou,osm_overlap_pct,category_estimated,description
1,6460.35,7.15,25.0,True,1225634547,retail,,0.0929,100.0,CLADIRE_REALA_CONFIRMATA_OSM,"Clădire fizică reală înregistrată în OSM (id=1225634547, tag=retail)"
3,3334.88,7.0,14.9,True,158479127,yes,,0.0784,100.0,CLADIRE_REALA_CONFIRMATA_OSM,"Clădire fizică reală înregistrată în OSM (id=158479127, tag=yes)"
6,2202.91,5.76,13.5,True,310374390,residential,,0.0823,100.0,CLADIRE_REALA_CONFIRMATA_OSM,"Clădire fizică reală înregistrată în OSM (id=310374390, tag=residential)"
8,2103.85,10.9,90.8,True,237386032,retail,Bârlog Pub & Brewery,0.4789,86.3,CLADIRE_REALA_CONFIRMATA_OSM,"Clădire fizică reală înregistrată în OSM (id=237386032, tag=retail)"
9,2016.81,13.5,25.9,True,260081502,university,Rectorat,0.6593,84.4,CLADIRE_REALA_CONFIRMATA_OSM,"Clădire fizică reală înregistrată în OSM (id=260081502, tag=university)"
11,1711.9,5.07,10.1,True,276735664,house,,0.1246,96.4,CLADIRE_REALA_CONFIRMATA_OSM,"Clădire fizică reală înregistrată în OSM (id=276735664, tag=house)"
14,1493.46,5.1,8.9,True,275157458,yes,Mecanizare ateliere,0.6544,86.3,CLADIRE_REALA_CONFIRMATA_OSM,"Clădire fizică reală înregistrată în OSM (id=275157458, tag=yes)"
15,1474.52,5.03,9.3,True,297540957,apartments,,0.2186,56.7,CLADIRE_REALA_CONFIRMATA_OSM,"Clădire fizică reală înregistrată în OSM (id=297540957, tag=apartments)"
23,1145.48,5.87,11.1,True,276735396,house,,0.2008,99.2,CLADIRE_REALA_CONFIRMATA_OSM,"Clădire fizică reală înregistrată în OSM (id=276735396, tag=house)"
24,1118.26,13.9,24.9,True,1075024428,apartments,,0.4232,78.3,CLADIRE_REALA_CONFIRMATA_OSM,"Clădire fizică reală înregistrată în OSM (id=1075024428, tag=apartments)"
26,1106.23,20.5,38.1,True,188111237,apartments,,0.4059,93.6,CLADIRE_REALA_CONFIRMATA_OSM,"Clădire fizică reală înregistrată în OSM (id=188111237, tag=apartments)"
27,1027.7,7.9,17.2,True,1323698486,apartments,,0.207,87.3,CLADIRE_REALA_CONFIRMATA_OSM,"Clădire fizică reală înregistrată în OSM (id=1323698486, tag=apartments)"
29,992.93,5.04,7.9,True,276735691,house,,0.1488,99.7,CLADIRE_REALA_CONFIRMATA_OSM,"Clădire fizică reală înregistrată în OSM (id=276735691, tag=house)"
31,967.43,4.3,10.3,True,275159804,yes,,0.137,100.0,CLADIRE_REALA_CONFIRMATA_OSM,"Clădire fizică reală înregistrată în OSM (id=275159804, tag=yes)"
32,955.35,5.45,15.6,True,316635689,house,,0.256,95.8,CLADIRE_REALA_CONFIRMATA_OSM,"Clădire fizică reală înregistrată în OSM (id=316635689, tag=house)"
34,898.91,11.1,20.0,True,275157450,yes,Hotel Pami,0.6016,95.3,CLADIRE_REALA_CONFIRMATA_OSM,"Clădire fizică reală înregistrată în OSM (id=275157450, tag=yes)"
38,849.43,18.7,31.2,False,NONE,,,0.0,0.0,CLADIRE_POTENTIALA_SAU_VEGETATIE_DENSA,"Corp izolat în campus/curte (849.4 mp, H=18.7m)"
39,804.88,7.5,15.2,True,275157473,chapel,Capela Cimitir Mănăștur,0.4877,75.0,CLADIRE_REALA_CONFIRMATA_OSM,"Clădire fizică reală înregistrată în OSM (id=275157473, tag=chapel)"
48,706.04,6.9,11.3,True,276735434,house,,0.2298,82.3,CLADIRE_REALA_CONFIRMATA_OSM,"Clădire fizică reală înregistrată în OSM (id=276735434, tag=house)"
54,648.11,4.9,9.2,True,411801540,house,,0.174,88.0,CLADIRE_REALA_CONFIRMATA_OSM,"Clădire fizică reală înregistrată în OSM (id=411801540, tag=house)"
56,647.52,16.55,21.2,True,275157468,apartments,,0.4044,60.4,CLADIRE_REALA_CONFIRMATA_OSM,"Clădire fizică reală înregistrată în OSM (id=275157468, tag=apartments)"
57,628.16,4.05,8.1,False,158432941,yes,,0.1605,29.8,CLADIRE_REALA_PARTIAL_SUPRAPUSA_OSM,Corp adiacent/aripă parțial suprapusă cu clădire OSM (id=158432941)
61,608.88,6.6,8.8,True,275159821,house,,0.4212,83.6,CLADIRE_REALA_CONFIRMATA_OSM,"Clădire fizică reală înregistrată în OSM (id=275159821, tag=house)"
62,606.35,8.0,12.1,True,275159826,university,Biotehnologii,0.5667,85.7,CLADIRE_REALA_CONFIRMATA_OSM,"Clădire fizică reală înregistrată în OSM (id=275159826, tag=university)"
72,560.41,9.3,14.8,True,275159818,church,,0.684,87.4,CLADIRE_REALA_CONFIRMATA_OSM,"Clădire fizică reală înregistrată în OSM (id=275159818, tag=church)"
80,537.04,4.2,6.8,True,276735538,house,,0.1907,95.7,CLADIRE_REALA_CONFIRMATA_OSM,"Clădire fizică reală înregistrată în OSM (id=276735538, tag=house)"
82,524.73,8.17,11.7,True,276735623,house,,0.2462,66.1,CLADIRE_REALA_CONFIRMATA_OSM,"Clădire fizică reală înregistrată în OSM (id=276735623, tag=house)"
85,511.92,6.1,18.6,False,NONE,,,0.0,0.0,CLADIRE_POTENTIALA_SAU_VEGETATIE_DENSA,"Corp izolat în campus/curte (511.9 mp, H=6.1m)"
86,510.71,5.9,9.2,True,275159829,yes,,0.3031,73.6,CLADIRE_REALA_CONFIRMATA_OSM,"Clădire fizică reală înregistrată în OSM (id=275159829, tag=yes)"
87,501.11,5.7,16.0,True,276735716,house,,0.4135,88.5,CLADIRE_REALA_CONFIRMATA_OSM,"Clădire fizică reală înregistrată în OSM (id=276735716, tag=house)"
89,492.75,25.38,28.6,True,260081500,yes,Biblioteca,0.3727,98.1,CLADIRE_REALA_CONFIRMATA_OSM,"Clădire fizică reală înregistrată în OSM (id=260081500, tag=yes)"
90,489.54,6.75,11.3,True,310374379,residential,,0.3311,89.8,CLADIRE_REALA_CONFIRMATA_OSM,"Clădire fizică reală înregistrată în OSM (id=310374379, tag=residential)"
91,493.15,11.2,17.9,False,NONE,,,0.0,0.0,CLADIRE_POTENTIALA_SAU_VEGETATIE_DENSA,"Corp izolat în campus/curte (493.1 mp, H=11.2m)"
93,491.53,3.7,9.1,True,276735614,house,,0.2522,100.0,CLADIRE_REALA_CONFIRMATA_OSM,"Clădire fizică reală înregistrată în OSM (id=276735614, tag=house)"
95,465.08,8.6,19.1,True,276735531,yes,Sala de sport,0.5784,76.4,CLADIRE_REALA_CONFIRMATA_OSM,"Clădire fizică reală înregistrată în OSM (id=276735531, tag=yes)"
97,457.35,10.4,20.1,True,111716697,yes,Biserica Adormirea Maicii Domnului,0.5744,80.1,CLADIRE_REALA_CONFIRMATA_OSM,"Clădire fizică reală înregistrată în OSM (id=111716697, tag=yes)"
103,447.92,4.6,8.2,False,297540956,church,Biserica Catolică Sf. Maria,0.008,1.7,CLADIRE_POTENTIALA_SAU_VEGETATIE_DENSA,"Corp izolat în campus/curte (447.9 mp, H=4.6m)"
104,444.99,8.6,14.2,True,276735474,yes,Centrul de cercetări pentru biodiversitate,0.5281,80.1,CLADIRE_REALA_CONFIRMATA_OSM,"Clădire fizică reală înregistrată în OSM (id=276735474, tag=yes)"
105,444.36,12.8,18.0,True,258636072,university,Institutul de Științele Vieții,0.1158,40.0,CLADIRE_REALA_CONFIRMATA_OSM,"Clădire fizică reală înregistrată în OSM (id=258636072, tag=university)"
106,444.28,8.5,95.0,True,276735595,house,,0.2552,93.8,CLADIRE_REALA_CONFIRMATA_OSM,"Clădire fizică reală înregistrată în OSM (id=276735595, tag=house)"
108,435.34,5.7,10.6,True,310374384,residential,,0.2562,100.0,CLADIRE_REALA_CONFIRMATA_OSM,"Clădire fizică reală înregistrată în OSM (id=310374384, tag=residential)"
110,437.05,10.2,15.0,True,275159835,retail,,0.4936,86.3,CLADIRE_REALA_CONFIRMATA_OSM,"Clădire fizică reală înregistrată în OSM (id=275159835, tag=retail)"
111,430.57,6.7,15.1,True,297540961,house,,0.7375,91.0,CLADIRE_REALA_CONFIRMATA_OSM,"Clădire fizică reală înregistrată în OSM (id=297540961, tag=house)"
118,399.51,5.1,11.7,True,1190231011,house,,0.5244,88.2,CLADIRE_REALA_CONFIRMATA_OSM,"Clădire fizică reală înregistrată în OSM (id=1190231011, tag=house)"
121,394.93,5.8,10.8,True,586400666,roof,,0.2918,82.7,CLADIRE_REALA_CONFIRMATA_OSM,"Clădire fizică reală înregistrată în OSM (id=586400666, tag=roof)"
127,381.09,13.8,15.6,True,701516655,apartments,,0.5912,76.5,CLADIRE_REALA_CONFIRMATA_OSM,"Clădire fizică reală înregistrată în OSM (id=701516655, tag=apartments)"
129,380.69,8.5,12.4,True,275159825,yes,,0.4617,81.0,CLADIRE_REALA_CONFIRMATA_OSM,"Clădire fizică reală înregistrată în OSM (id=275159825, tag=yes)"
130,380.4,6.0,9.3,True,276735726,house,,0.2942,89.6,CLADIRE_REALA_CONFIRMATA_OSM,"Clădire fizică reală înregistrată în OSM (id=276735726, tag=house)"
140,363.58,5.2,9.1,True,276735505,house,,0.7714,94.9,CLADIRE_REALA_CONFIRMATA_OSM,"Clădire fizică reală înregistrată în OSM (id=276735505, tag=house)"
141,359.11,14.45,18.0,True,258636072,university,Institutul de Științele Vieții,0.2594,93.3,CLADIRE_REALA_CONFIRMATA_OSM,"Clădire fizică reală înregistrată în OSM (id=258636072, tag=university)"
142,350.98,17.8,19.0,True,260081500,yes,Biblioteca,0.2716,99.7,CLADIRE_REALA_CONFIRMATA_OSM,"Clădire fizică reală înregistrată în OSM (id=260081500, tag=yes)"
145,349.13,5.4,10.3,True,310374404,residential,,0.4238,96.3,CLADIRE_REALA_CONFIRMATA_OSM,"Clădire fizică reală înregistrată în OSM (id=310374404, tag=residential)"
147,339.24,5.3,7.4,True,1075024429,apartments,,0.3247,52.5,CLADIRE_REALA_CONFIRMATA_OSM,"Clădire fizică reală înregistrată în OSM (id=1075024429, tag=apartments)"
158,304.67,6.3,10.6,True,316635671,house,,0.418,83.8,CLADIRE_REALA_CONFIRMATA_OSM,"Clădire fizică reală înregistrată în OSM (id=316635671, tag=house)"
161,297.9,7.3,16.6,False,NONE,,,0.0,0.0,CLADIRE_POTENTIALA_SAU_VEGETATIE_DENSA,"Corp izolat în campus/curte (297.9 mp, H=7.3m)"
164,294.03,8.9,17.3,True,275159864,university,Departamentul pentru pregătirea personalului didactic,0.5647,86.0,CLADIRE_REALA_CONFIRMATA_OSM,"Clădire fizică reală înregistrată în OSM (id=275159864, tag=university)"
168,284.28,5.1,8.9,False,NONE,,,0.0,0.0,SERA_SOLAR_ALUNGIT,"Structură provizorie (SERA_SOLAR_ALUNGIT, 5.5x63.1m)"
169,282.61,16.4,18.1,True,188111236,office,,0.4277,67.7,CLADIRE_REALA_CONFIRMATA_OSM,"Clădire fizică reală înregistrată în OSM (id=188111236, tag=office)"
171,273.07,5.0,8.7,False,310374393,residential,,0.0202,5.9,CLADIRE_POTENTIALA_SAU_VEGETATIE_DENSA,"Corp izolat în campus/curte (273.1 mp, H=5.0m)"
172,272.92,5.9,7.8,True,275159806,yes,,0.3887,90.1,CLADIRE_REALA_CONFIRMATA_OSM,"Clădire fizică reală înregistrată în OSM (id=275159806, tag=yes)"
175,270.48,4.5,9.2,True,275157457,yes,,0.3162,85.1,CLADIRE_REALA_CONFIRMATA_OSM,"Clădire fizică reală înregistrată în OSM (id=275157457, tag=yes)"
177,267.69,4.4,7.6,True,310374415,residential,,0.7096,90.3,CLADIRE_REALA_CONFIRMATA_OSM,"Clădire fizică reală înregistrată în OSM (id=310374415, tag=residential)"
184,258.94,7.6,10.9,True,276735471,house,,0.4442,88.3,CLADIRE_REALA_CONFIRMATA_OSM,"Clădire fizică reală înregistrată în OSM (id=276735471, tag=house)"
185,256.15,6.8,12.2,True,275157487,detached,,0.5524,86.9,CLADIRE_REALA_CONFIRMATA_OSM,"Clădire fizică reală înregistrată în OSM (id=275157487, tag=detached)"
196,234.23,5.4,10.8,True,276735443,house,,0.4529,94.0,CLADIRE_REALA_CONFIRMATA_OSM,"Clădire fizică reală înregistrată în OSM (id=276735443, tag=house)"
198,231.8,4.0,7.8,True,276735495,house,,0.4746,92.1,CLADIRE_REALA_CONFIRMATA_OSM,"Clădire fizică reală înregistrată în OSM (id=276735495, tag=house)"
199,230.58,7.0,12.2,True,316635709,house,,0.6473,83.4,CLADIRE_REALA_CONFIRMATA_OSM,"Clădire fizică reală înregistrată în OSM (id=316635709, tag=house)"
205,224.9,5.4,16.6,True,276735543,house,,0.5094,90.0,CLADIRE_REALA_CONFIRMATA_OSM,"Clădire fizică reală înregistrată în OSM (id=276735543, tag=house)"
206,219.37,8.7,13.4,True,275159854,retail,,0.5823,79.4,CLADIRE_REALA_CONFIRMATA_OSM,"Clădire fizică reală înregistrată în OSM (id=275159854, tag=retail)"
214,207.88,5.8,8.8,True,275159820,yes,Clinica Iris,0.5728,80.7,CLADIRE_REALA_CONFIRMATA_OSM,"Clădire fizică reală înregistrată în OSM (id=275159820, tag=yes)"
221,195.81,4.7,5.0,True,701516659,greenhouse,,0.3216,74.6,CLADIRE_REALA_CONFIRMATA_OSM,"Clădire fizică reală înregistrată în OSM (id=701516659, tag=greenhouse)"
225,192.18,4.8,7.7,False,NONE,,,0.0,0.0,SERA_SOLAR_ALUNGIT,"Structură provizorie (SERA_SOLAR_ALUNGIT, 8.0x29.1m)"
226,191.24,8.6,11.0,True,275159817,yes,,0.3746,65.0,CLADIRE_REALA_CONFIRMATA_OSM,"Clădire fizică reală înregistrată în OSM (id=275159817, tag=yes)"
227,189.93,7.5,10.2,True,276735428,house,,0.5123,74.1,CLADIRE_REALA_CONFIRMATA_OSM,"Clădire fizică reală înregistrată în OSM (id=276735428, tag=house)"
237,176.07,4.7,7.9,True,276735668,house,,0.4349,66.0,CLADIRE_REALA_CONFIRMATA_OSM,"Clădire fizică reală înregistrată în OSM (id=276735668, tag=house)"
239,175.25,3.3,12.3,True,158487887,garage,,0.4215,96.4,CLADIRE_REALA_CONFIRMATA_OSM,"Clădire fizică reală înregistrată în OSM (id=158487887, tag=garage)"
240,175.14,5.1,6.7,True,258636073,residential,,0.6887,84.9,CLADIRE_REALA_CONFIRMATA_OSM,"Clădire fizică reală înregistrată în OSM (id=258636073, tag=residential)"
244,170.88,5.7,10.5,True,276735674,house,,0.3918,59.3,CLADIRE_REALA_CONFIRMATA_OSM,"Clădire fizică reală înregistrată în OSM (id=276735674, tag=house)"
245,178.26,13.5,23.2,False,NONE,,,0.0,0.0,CLADIRE_POTENTIALA_SAU_VEGETATIE_DENSA,"Corp izolat în campus/curte (178.3 mp, H=13.5m)"
249,165.73,7.2,10.0,True,276735577,house,,0.4624,74.2,CLADIRE_REALA_CONFIRMATA_OSM,"Clădire fizică reală înregistrată în OSM (id=276735577, tag=house)"
251,164.83,5.8,8.7,True,276735512,house,,0.5906,90.9,CLADIRE_REALA_CONFIRMATA_OSM,"Clădire fizică reală înregistrată în OSM (id=276735512, tag=house)"
257,151.95,9.4,12.0,True,276735701,house,,0.3762,66.4,CLADIRE_REALA_CONFIRMATA_OSM,"Clădire fizică reală înregistrată în OSM (id=276735701, tag=house)"
259,149.31,4.4,12.1,True,310374388,residential,,0.4665,77.2,CLADIRE_REALA_CONFIRMATA_OSM,"Clădire fizică reală înregistrată în OSM (id=310374388, tag=residential)"
261,145.75,8.6,17.0,True,951910498,university,Centrul de consiliere și orientare în carieră,0.5501,80.1,CLADIRE_REALA_CONFIRMATA_OSM,"Clădire fizică reală înregistrată în OSM (id=951910498, tag=university)"
263,139.34,10.5,17.6,True,275157478,house,,0.5386,94.3,CLADIRE_REALA_CONFIRMATA_OSM,"Clădire fizică reală înregistrată în OSM (id=275157478, tag=house)"
266,136.55,6.4,16.6,True,1232848008,yes,,0.3271,91.8,CLADIRE_REALA_CONFIRMATA_OSM,"Clădire fizică reală înregistrată în OSM (id=1232848008, tag=yes)"
267,133.19,6.0,9.4,False,NONE,,,0.0,0.0,CLADIRE_POTENTIALA_SAU_VEGETATIE_DENSA,"Corp izolat în campus/curte (133.2 mp, H=6.0m)"
268,132.63,12.4,15.2,True,275157469,university,"Facultatea de Medicină Veterinară, Facultatea de Zootehnie și Biotehnologii",0.0409,46.6,CLADIRE_REALA_CONFIRMATA_OSM,"Clădire fizică reală înregistrată în OSM (id=275157469, tag=university)"
269,132.4,4.4,9.1,True,1329098532,yes,,0.4163,93.7,CLADIRE_REALA_CONFIRMATA_OSM,"Clădire fizică reală înregistrată în OSM (id=1329098532, tag=yes)"
270,130.7,7.3,9.3,True,275159828,yes,,0.4892,91.5,CLADIRE_REALA_CONFIRMATA_OSM,"Clădire fizică reală înregistrată în OSM (id=275159828, tag=yes)"
271,130.08,5.8,7.1,False,NONE,,,0.0,0.0,CLADIRE_POTENTIALA_SAU_VEGETATIE_DENSA,"Corp izolat în campus/curte (130.1 mp, H=5.8m)"
273,128.13,5.2,7.5,True,275159843,semidetached_house,,0.6476,93.1,CLADIRE_REALA_CONFIRMATA_OSM,"Clădire fizică reală înregistrată în OSM (id=275159843, tag=semidetached_house)"
274,128.07,3.9,7.4,True,276735618,house,,0.3691,60.8,CLADIRE_REALA_CONFIRMATA_OSM,"Clădire fizică reală înregistrată în OSM (id=276735618, tag=house)"
276,124.56,8.7,10.5,True,1190447504,yes,,0.2428,42.0,CLADIRE_REALA_CONFIRMATA_OSM,"Clădire fizică reală înregistrată în OSM (id=1190447504, tag=yes)"
277,122.76,2.7,8.9,False,NONE,,,0.0,0.0,CLADIRE_POTENTIALA_SAU_VEGETATIE_DENSA,"Corp izolat în campus/curte (122.8 mp, H=2.7m)"
278,121.77,4.1,6.8,True,275159802,yes,,0.2917,92.7,CLADIRE_REALA_CONFIRMATA_OSM,"Clădire fizică reală înregistrată în OSM (id=275159802, tag=yes)"
281,120.62,5.8,7.5,False,411801540,house,,0.09,33.8,CLADIRE_REALA_PARTIAL_SUPRAPUSA_OSM,Corp adiacent/aripă parțial suprapusă cu clădire OSM (id=411801540)
282,115.83,4.9,11.7,False,275157489,chapel,,0.0649,12.7,CLADIRE_POTENTIALA_SAU_VEGETATIE_DENSA,"Corp izolat în campus/curte (115.8 mp, H=4.9m)"
284,109.86,3.6,5.3,False,NONE,,,0.0,0.0,CLADIRE_POTENTIALA_SAU_VEGETATIE_DENSA,"Corp izolat în campus/curte (109.9 mp, H=3.6m)"
285,109.56,7.4,9.4,True,276735499,house,,0.2541,44.2,CLADIRE_REALA_CONFIRMATA_OSM,"Clădire fizică reală înregistrată în OSM (id=276735499, tag=house)"
289,104.12,16.3,16.9,True,258636072,university,Institutul de Științele Vieții,0.0818,99.7,CLADIRE_REALA_CONFIRMATA_OSM,"Clădire fizică reală înregistrată în OSM (id=258636072, tag=university)"
292,96.35,3.1,9.7,False,316635719,house,,0.0203,4.5,CLADIRE_POTENTIALA_SAU_VEGETATIE_DENSA,"Corp izolat în campus/curte (96.3 mp, H=3.1m)"
293,96.14,5.5,7.8,False,NONE,,,0.0,0.0,CLADIRE_POTENTIALA_SAU_VEGETATIE_DENSA,"Corp izolat în campus/curte (96.1 mp, H=5.5m)"
296,91.41,2.9,4.6,False,276735493,yes,,0.051,23.7,CLADIRE_REALA_PARTIAL_SUPRAPUSA_OSM,Corp adiacent/aripă parțial suprapusă cu clădire OSM (id=276735493)
297,90.76,4.2,5.6,False,NONE,,,0.0,0.0,CLADIRE_POTENTIALA_SAU_VEGETATIE_DENSA,"Corp izolat în campus/curte (90.8 mp, H=4.2m)"
298,87.54,3.5,7.2,False,NONE,,,0.0,0.0,CLADIRE_POTENTIALA_SAU_VEGETATIE_DENSA,"Corp izolat în campus/curte (87.5 mp, H=3.5m)"
299,86.62,7.4,9.4,False,276735713,house,,0.0616,24.6,CLADIRE_REALA_PARTIAL_SUPRAPUSA_OSM,Corp adiacent/aripă parțial suprapusă cu clădire OSM (id=276735713)
300,82.78,7.8,9.8,True,276735713,house,,0.1432,54.9,CLADIRE_REALA_CONFIRMATA_OSM,"Clădire fizică reală înregistrată în OSM (id=276735713, tag=house)"
301,76.33,7.7,9.3,True,276735713,house,,0.1909,74.9,CLADIRE_REALA_CONFIRMATA_OSM,"Clădire fizică reală înregistrată în OSM (id=276735713, tag=house)"
303,67.33,3.5,7.9,False,NONE,,,0.0,0.0,CLADIRE_POTENTIALA_SAU_VEGETATIE_DENSA,"Corp izolat în campus/curte (67.3 mp, H=3.5m)"
304,66.12,3.8,7.7,False,NONE,,,0.0,0.0,CLADIRE_POTENTIALA_SAU_VEGETATIE_DENSA,"Corp izolat în campus/curte (66.1 mp, H=3.8m)"
305,66.03,7.0,14.4,False,NONE,,,0.0,0.0,CLADIRE_POTENTIALA_SAU_VEGETATIE_DENSA,"Corp izolat în campus/curte (66.0 mp, H=7.0m)"
307,61.03,6.0,9.9,False,NONE,,,0.0,0.0,CLADIRE_POTENTIALA_SAU_VEGETATIE_DENSA,"Corp izolat în campus/curte (61.0 mp, H=6.0m)"
310,49.7,8.6,19.1,False,276735531,yes,Sala de sport,0.0005,0.6,CLADIRE_POTENTIALA_SAU_VEGETATIE_DENSA,"Corp izolat în campus/curte (49.7 mp, H=8.6m)"
311,48.0,9.1,11.1,True,276735599,house,,0.1398,48.0,CLADIRE_REALA_CONFIRMATA_OSM,"Clădire fizică reală înregistrată în OSM (id=276735599, tag=house)"
316,41.4,4.0,12.6,False,NONE,,,0.0,0.0,ANEXA_INDIVIDUALA_MICA,"Anexă gospodărească/garaj (41.4 mp, H=4.0m)"
