ref_id,pred_id,matched,iou,boundary_rmse_m,hausdorff_m,centroid_disp_m,area_ref_m2,area_pred_m2,area_error_m2,area_error_pct,perimeter_ref_m,perimeter_pred_m,mean_angle_dev_deg,compliance_tier,error_flags
REF_TIER1_001,NONE (RATATA),False,0.0000,0.000,0.000,0.000,294.55,0.00,0.00,0.00,0.00,0.00,0.00,REJECT,"FALSE_NEGATIVE_RATATA"
REF_TIER1_002,NONE (RATATA),False,0.0000,0.000,0.000,0.000,1257.26,0.00,0.00,0.00,0.00,0.00,0.00,REJECT,"FALSE_NEGATIVE_RATATA"
REF_TIER1_003,NONE (RATATA),False,0.0000,0.000,0.000,0.000,1568.98,0.00,0.00,0.00,0.00,0.00,0.00,REJECT,"FALSE_NEGATIVE_RATATA"
REF_TIER1_004,NONE (RATATA),False,0.0000,0.000,0.000,0.000,1790.82,0.00,0.00,0.00,0.00,0.00,0.00,REJECT,"FALSE_NEGATIVE_RATATA"
REF_TIER1_005,LIDAR_173,True,0.6581,5.152,16.312,6.243,1442.69,1953.00,510.31,35.37,196.96,456.00,0.00,REJECT,"ERORE_CONTUR_MARE;ERORE_ARIE_MARE"
REF_TIER1_006,LIDAR_181,True,0.9324,0.650,2.124,0.254,1126.79,1164.00,37.21,3.30,169.80,220.00,0.00,REJECT,"ERORE_CONTUR_MARE"
REF_TIER1_007,NONE (RATATA),False,0.0000,0.000,0.000,0.000,818.34,0.00,0.00,0.00,0.00,0.00,0.00,REJECT,"FALSE_NEGATIVE_RATATA"
REF_TIER1_008,LIDAR_255,True,0.5836,4.521,13.868,3.231,448.55,766.00,317.45,70.77,107.97,240.00,0.00,REJECT,"ERORE_CONTUR_MARE;ERORE_ARIE_MARE"
REF_TIER1_009,NONE (RATATA),False,0.0000,0.000,0.000,0.000,148.54,0.00,0.00,0.00,0.00,0.00,0.00,REJECT,"FALSE_NEGATIVE_RATATA"
REF_TIER1_010,NONE (RATATA),False,0.0000,0.000,0.000,0.000,114.69,0.00,0.00,0.00,0.00,0.00,0.00,REJECT,"FALSE_NEGATIVE_RATATA"
REF_TIER1_011,NONE (RATATA),False,0.0000,0.000,0.000,0.000,143.12,0.00,0.00,0.00,0.00,0.00,0.00,REJECT,"FALSE_NEGATIVE_RATATA"
REF_TIER1_012,NONE (RATATA),False,0.0000,0.000,0.000,0.000,192.82,0.00,0.00,0.00,0.00,0.00,0.00,REJECT,"FALSE_NEGATIVE_RATATA"
REF_TIER1_013,NONE (RATATA),False,0.0000,0.000,0.000,0.000,92.18,0.00,0.00,0.00,0.00,0.00,0.00,REJECT,"FALSE_NEGATIVE_RATATA"
REF_TIER1_014,NONE (RATATA),False,0.0000,0.000,0.000,0.000,443.91,0.00,0.00,0.00,0.00,0.00,0.00,REJECT,"FALSE_NEGATIVE_RATATA"
REF_TIER1_015,NONE (RATATA),False,0.0000,0.000,0.000,0.000,37.15,0.00,0.00,0.00,0.00,0.00,0.00,REJECT,"FALSE_NEGATIVE_RATATA"
REF_TIER1_016,NONE (RATATA),False,0.0000,0.000,0.000,0.000,30.94,0.00,0.00,0.00,0.00,0.00,0.00,REJECT,"FALSE_NEGATIVE_RATATA"
REF_TIER1_017,NONE (RATATA),False,0.0000,0.000,0.000,0.000,1484.51,0.00,0.00,0.00,0.00,0.00,0.00,REJECT,"FALSE_NEGATIVE_RATATA"
REF_TIER1_018,NONE (RATATA),False,0.0000,0.000,0.000,0.000,286.05,0.00,0.00,0.00,0.00,0.00,0.00,REJECT,"FALSE_NEGATIVE_RATATA"
REF_TIER1_019,LIDAR_132,True,0.7828,1.031,4.003,1.125,172.33,202.00,29.67,17.22,69.37,112.00,0.00,REJECT,"ERORE_CONTUR_MARE;ERORE_ARIE_MARE"
REF_TIER1_020,LIDAR_161,True,0.6114,4.681,12.924,2.600,1450.30,901.00,-549.30,-37.87,155.29,202.00,0.00,REJECT,"ERORE_CONTUR_MARE;ERORE_ARIE_MARE"
REF_TIER1_021,LIDAR_147,True,0.5899,1.638,3.693,1.049,307.59,188.00,-119.59,-38.88,95.29,130.00,0.00,REJECT,"ERORE_CONTUR_MARE;ERORE_ARIE_MARE"
REF_TIER1_022,NONE (RATATA),False,0.0000,0.000,0.000,0.000,104.57,0.00,0.00,0.00,0.00,0.00,0.00,REJECT,"FALSE_NEGATIVE_RATATA"
REF_TIER1_023,NONE (RATATA),False,0.0000,0.000,0.000,0.000,819.82,0.00,0.00,0.00,0.00,0.00,0.00,REJECT,"FALSE_NEGATIVE_RATATA"
REF_TIER1_024,NONE (RATATA),False,0.0000,0.000,0.000,0.000,2992.55,0.00,0.00,0.00,0.00,0.00,0.00,REJECT,"FALSE_NEGATIVE_RATATA"
REF_TIER1_025,NONE (RATATA),False,0.0000,0.000,0.000,0.000,1460.09,0.00,0.00,0.00,0.00,0.00,0.00,REJECT,"FALSE_NEGATIVE_RATATA"
REF_TIER1_026,NONE (RATATA),False,0.0000,0.000,0.000,0.000,2841.10,0.00,0.00,0.00,0.00,0.00,0.00,REJECT,"FALSE_NEGATIVE_RATATA"
REF_TIER1_027,NONE (RATATA),False,0.0000,0.000,0.000,0.000,2669.74,0.00,0.00,0.00,0.00,0.00,0.00,REJECT,"FALSE_NEGATIVE_RATATA"
REF_TIER1_028,NONE (RATATA),False,0.0000,0.000,0.000,0.000,820.85,0.00,0.00,0.00,0.00,0.00,0.00,REJECT,"FALSE_NEGATIVE_RATATA"
REF_TIER1_029,NONE (RATATA),False,0.0000,0.000,0.000,0.000,974.21,0.00,0.00,0.00,0.00,0.00,0.00,REJECT,"FALSE_NEGATIVE_RATATA"
NONE (ARTEFACT),LIDAR_001,False,0.0000,0.000,0.000,0.000,0.00,15.00,0.00,0.00,0.00,0.00,0.00,REJECT,"FALSE_POSITIVE_ARTEFACT"
NONE (ARTEFACT),LIDAR_002,False,0.0000,0.000,0.000,0.000,0.00,25.00,0.00,0.00,0.00,0.00,0.00,REJECT,"FALSE_POSITIVE_ARTEFACT"
NONE (ARTEFACT),LIDAR_003,False,0.0000,0.000,0.000,0.000,0.00,52.00,0.00,0.00,0.00,0.00,0.00,REJECT,"FALSE_POSITIVE_ARTEFACT"
NONE (ARTEFACT),LIDAR_004,False,0.0000,0.000,0.000,0.000,0.00,16.00,0.00,0.00,0.00,0.00,0.00,REJECT,"FALSE_POSITIVE_ARTEFACT"
NONE (ARTEFACT),LIDAR_005,False,0.0000,0.000,0.000,0.000,0.00,65.00,0.00,0.00,0.00,0.00,0.00,REJECT,"FALSE_POSITIVE_ARTEFACT"
NONE (ARTEFACT),LIDAR_006,False,0.0000,0.000,0.000,0.000,0.00,243.00,0.00,0.00,0.00,0.00,0.00,REJECT,"FALSE_POSITIVE_ARTEFACT"
NONE (ARTEFACT),LIDAR_007,False,0.0000,0.000,0.000,0.000,0.00,129.00,0.00,0.00,0.00,0.00,0.00,REJECT,"FALSE_POSITIVE_ARTEFACT"
NONE (ARTEFACT),LIDAR_008,False,0.0000,0.000,0.000,0.000,0.00,161.00,0.00,0.00,0.00,0.00,0.00,REJECT,"FALSE_POSITIVE_ARTEFACT"
NONE (ARTEFACT),LIDAR_009,False,0.0000,0.000,0.000,0.000,0.00,263.00,0.00,0.00,0.00,0.00,0.00,REJECT,"FALSE_POSITIVE_ARTEFACT"
NONE (ARTEFACT),LIDAR_010,False,0.0000,0.000,0.000,0.000,0.00,846.00,0.00,0.00,0.00,0.00,0.00,REJECT,"FALSE_POSITIVE_ARTEFACT"
NONE (ARTEFACT),LIDAR_011,False,0.0000,0.000,0.000,0.000,0.00,41.00,0.00,0.00,0.00,0.00,0.00,REJECT,"FALSE_POSITIVE_ARTEFACT"
NONE (ARTEFACT),LIDAR_012,False,0.0000,0.000,0.000,0.000,0.00,397.00,0.00,0.00,0.00,0.00,0.00,REJECT,"FALSE_POSITIVE_ARTEFACT"
NONE (ARTEFACT),LIDAR_013,False,0.0000,0.000,0.000,0.000,0.00,144.00,0.00,0.00,0.00,0.00,0.00,REJECT,"FALSE_POSITIVE_ARTEFACT"
NONE (ARTEFACT),LIDAR_014,False,0.0000,0.000,0.000,0.000,0.00,816.00,0.00,0.00,0.00,0.00,0.00,REJECT,"FALSE_POSITIVE_ARTEFACT"
NONE (ARTEFACT),LIDAR_015,False,0.0000,0.000,0.000,0.000,0.00,488.00,0.00,0.00,0.00,0.00,0.00,REJECT,"FALSE_POSITIVE_ARTEFACT"
NONE (ARTEFACT),LIDAR_016,False,0.0000,0.000,0.000,0.000,0.00,27.00,0.00,0.00,0.00,0.00,0.00,REJECT,"FALSE_POSITIVE_ARTEFACT"
NONE (ARTEFACT),LIDAR_017,False,0.0000,0.000,0.000,0.000,0.00,33.00,0.00,0.00,0.00,0.00,0.00,REJECT,"FALSE_POSITIVE_ARTEFACT"
NONE (ARTEFACT),LIDAR_018,False,0.0000,0.000,0.000,0.000,0.00,22.00,0.00,0.00,0.00,0.00,0.00,REJECT,"FALSE_POSITIVE_ARTEFACT"
NONE (ARTEFACT),LIDAR_019,False,0.0000,0.000,0.000,0.000,0.00,62.00,0.00,0.00,0.00,0.00,0.00,REJECT,"FALSE_POSITIVE_ARTEFACT"
NONE (ARTEFACT),LIDAR_020,False,0.0000,0.000,0.000,0.000,0.00,78.00,0.00,0.00,0.00,0.00,0.00,REJECT,"FALSE_POSITIVE_ARTEFACT"
NONE (ARTEFACT),LIDAR_021,False,0.0000,0.000,0.000,0.000,0.00,153.00,0.00,0.00,0.00,0.00,0.00,REJECT,"FALSE_POSITIVE_ARTEFACT"
NONE (ARTEFACT),LIDAR_022,False,0.0000,0.000,0.000,0.000,0.00,2034.00,0.00,0.00,0.00,0.00,0.00,REJECT,"FALSE_POSITIVE_ARTEFACT"
NONE (ARTEFACT),LIDAR_023,False,0.0000,0.000,0.000,0.000,0.00,1741.00,0.00,0.00,0.00,0.00,0.00,REJECT,"FALSE_POSITIVE_ARTEFACT"
NONE (ARTEFACT),LIDAR_024,False,0.0000,0.000,0.000,0.000,0.00,653.00,0.00,0.00,0.00,0.00,0.00,REJECT,"FALSE_POSITIVE_ARTEFACT"
NONE (ARTEFACT),LIDAR_025,False,0.0000,0.000,0.000,0.000,0.00,23.00,0.00,0.00,0.00,0.00,0.00,REJECT,"FALSE_POSITIVE_ARTEFACT"
NONE (ARTEFACT),LIDAR_026,False,0.0000,0.000,0.000,0.000,0.00,89.00,0.00,0.00,0.00,0.00,0.00,REJECT,"FALSE_POSITIVE_ARTEFACT"
NONE (ARTEFACT),LIDAR_027,False,0.0000,0.000,0.000,0.000,0.00,75.00,0.00,0.00,0.00,0.00,0.00,REJECT,"FALSE_POSITIVE_ARTEFACT"
NONE (ARTEFACT),LIDAR_028,False,0.0000,0.000,0.000,0.000,0.00,603.00,0.00,0.00,0.00,0.00,0.00,REJECT,"FALSE_POSITIVE_ARTEFACT"
NONE (ARTEFACT),LIDAR_029,False,0.0000,0.000,0.000,0.000,0.00,1760.00,0.00,0.00,0.00,0.00,0.00,REJECT,"FALSE_POSITIVE_ARTEFACT"
NONE (ARTEFACT),LIDAR_030,False,0.0000,0.000,0.000,0.000,0.00,31.00,0.00,0.00,0.00,0.00,0.00,REJECT,"FALSE_POSITIVE_ARTEFACT"
NONE (ARTEFACT),LIDAR_031,False,0.0000,0.000,0.000,0.000,0.00,37.00,0.00,0.00,0.00,0.00,0.00,REJECT,"FALSE_POSITIVE_ARTEFACT"
NONE (ARTEFACT),LIDAR_032,False,0.0000,0.000,0.000,0.000,0.00,29.00,0.00,0.00,0.00,0.00,0.00,REJECT,"FALSE_POSITIVE_ARTEFACT"
NONE (ARTEFACT),LIDAR_033,False,0.0000,0.000,0.000,0.000,0.00,26.00,0.00,0.00,0.00,0.00,0.00,REJECT,"FALSE_POSITIVE_ARTEFACT"
NONE (ARTEFACT),LIDAR_034,False,0.0000,0.000,0.000,0.000,0.00,2916.00,0.00,0.00,0.00,0.00,0.00,REJECT,"FALSE_POSITIVE_ARTEFACT"
NONE (ARTEFACT),LIDAR_035,False,0.0000,0.000,0.000,0.000,0.00,51.00,0.00,0.00,0.00,0.00,0.00,REJECT,"FALSE_POSITIVE_ARTEFACT"
NONE (ARTEFACT),LIDAR_036,False,0.0000,0.000,0.000,0.000,0.00,44.00,0.00,0.00,0.00,0.00,0.00,REJECT,"FALSE_POSITIVE_ARTEFACT"
NONE (ARTEFACT),LIDAR_037,False,0.0000,0.000,0.000,0.000,0.00,162.00,0.00,0.00,0.00,0.00,0.00,REJECT,"FALSE_POSITIVE_ARTEFACT"
NONE (ARTEFACT),LIDAR_038,False,0.0000,0.000,0.000,0.000,0.00,1509.00,0.00,0.00,0.00,0.00,0.00,REJECT,"FALSE_POSITIVE_ARTEFACT"
NONE (ARTEFACT),LIDAR_039,False,0.0000,0.000,0.000,0.000,0.00,740.00,0.00,0.00,0.00,0.00,0.00,REJECT,"FALSE_POSITIVE_ARTEFACT"
NONE (ARTEFACT),LIDAR_040,False,0.0000,0.000,0.000,0.000,0.00,24.00,0.00,0.00,0.00,0.00,0.00,REJECT,"FALSE_POSITIVE_ARTEFACT"
NONE (ARTEFACT),LIDAR_041,False,0.0000,0.000,0.000,0.000,0.00,226.00,0.00,0.00,0.00,0.00,0.00,REJECT,"FALSE_POSITIVE_ARTEFACT"
NONE (ARTEFACT),LIDAR_042,False,0.0000,0.000,0.000,0.000,0.00,23.00,0.00,0.00,0.00,0.00,0.00,REJECT,"FALSE_POSITIVE_ARTEFACT"
NONE (ARTEFACT),LIDAR_043,False,0.0000,0.000,0.000,0.000,0.00,1536.00,0.00,0.00,0.00,0.00,0.00,REJECT,"FALSE_POSITIVE_ARTEFACT"
NONE (ARTEFACT),LIDAR_044,False,0.0000,0.000,0.000,0.000,0.00,20.00,0.00,0.00,0.00,0.00,0.00,REJECT,"FALSE_POSITIVE_ARTEFACT"
NONE (ARTEFACT),LIDAR_045,False,0.0000,0.000,0.000,0.000,0.00,104.00,0.00,0.00,0.00,0.00,0.00,REJECT,"FALSE_POSITIVE_ARTEFACT"
NONE (ARTEFACT),LIDAR_046,False,0.0000,0.000,0.000,0.000,0.00,3655.00,0.00,0.00,0.00,0.00,0.00,REJECT,"FALSE_POSITIVE_ARTEFACT"
NONE (ARTEFACT),LIDAR_047,False,0.0000,0.000,0.000,0.000,0.00,2170.00,0.00,0.00,0.00,0.00,0.00,REJECT,"FALSE_POSITIVE_ARTEFACT"
NONE (ARTEFACT),LIDAR_048,False,0.0000,0.000,0.000,0.000,0.00,382.00,0.00,0.00,0.00,0.00,0.00,REJECT,"FALSE_POSITIVE_ARTEFACT"
NONE (ARTEFACT),LIDAR_049,False,0.0000,0.000,0.000,0.000,0.00,19.00,0.00,0.00,0.00,0.00,0.00,REJECT,"FALSE_POSITIVE_ARTEFACT"
NONE (ARTEFACT),LIDAR_050,False,0.0000,0.000,0.000,0.000,0.00,16.00,0.00,0.00,0.00,0.00,0.00,REJECT,"FALSE_POSITIVE_ARTEFACT"
NONE (ARTEFACT),LIDAR_051,False,0.0000,0.000,0.000,0.000,0.00,27.00,0.00,0.00,0.00,0.00,0.00,REJECT,"FALSE_POSITIVE_ARTEFACT"
NONE (ARTEFACT),LIDAR_052,False,0.0000,0.000,0.000,0.000,0.00,753.00,0.00,0.00,0.00,0.00,0.00,REJECT,"FALSE_POSITIVE_ARTEFACT"
NONE (ARTEFACT),LIDAR_053,False,0.0000,0.000,0.000,0.000,0.00,17.00,0.00,0.00,0.00,0.00,0.00,REJECT,"FALSE_POSITIVE_ARTEFACT"
NONE (ARTEFACT),LIDAR_054,False,0.0000,0.000,0.000,0.000,0.00,276.00,0.00,0.00,0.00,0.00,0.00,REJECT,"FALSE_POSITIVE_ARTEFACT"
NONE (ARTEFACT),LIDAR_055,False,0.0000,0.000,0.000,0.000,0.00,21.00,0.00,0.00,0.00,0.00,0.00,REJECT,"FALSE_POSITIVE_ARTEFACT"
NONE (ARTEFACT),LIDAR_056,False,0.0000,0.000,0.000,0.000,0.00,22.00,0.00,0.00,0.00,0.00,0.00,REJECT,"FALSE_POSITIVE_ARTEFACT"
NONE (ARTEFACT),LIDAR_057,False,0.0000,0.000,0.000,0.000,0.00,4545.00,0.00,0.00,0.00,0.00,0.00,REJECT,"FALSE_POSITIVE_ARTEFACT"
NONE (ARTEFACT),LIDAR_058,False,0.0000,0.000,0.000,0.000,0.00,34.00,0.00,0.00,0.00,0.00,0.00,REJECT,"FALSE_POSITIVE_ARTEFACT"
NONE (ARTEFACT),LIDAR_059,False,0.0000,0.000,0.000,0.000,0.00,244.00,0.00,0.00,0.00,0.00,0.00,REJECT,"FALSE_POSITIVE_ARTEFACT"
NONE (ARTEFACT),LIDAR_060,False,0.0000,0.000,0.000,0.000,0.00,2650.00,0.00,0.00,0.00,0.00,0.00,REJECT,"FALSE_POSITIVE_ARTEFACT"
NONE (ARTEFACT),LIDAR_061,False,0.0000,0.000,0.000,0.000,0.00,22.00,0.00,0.00,0.00,0.00,0.00,REJECT,"FALSE_POSITIVE_ARTEFACT"
NONE (ARTEFACT),LIDAR_062,False,0.0000,0.000,0.000,0.000,0.00,870.00,0.00,0.00,0.00,0.00,0.00,REJECT,"FALSE_POSITIVE_ARTEFACT"
NONE (ARTEFACT),LIDAR_063,False,0.0000,0.000,0.000,0.000,0.00,172.00,0.00,0.00,0.00,0.00,0.00,REJECT,"FALSE_POSITIVE_ARTEFACT"
NONE (ARTEFACT),LIDAR_064,False,0.0000,0.000,0.000,0.000,0.00,33.00,0.00,0.00,0.00,0.00,0.00,REJECT,"FALSE_POSITIVE_ARTEFACT"
NONE (ARTEFACT),LIDAR_065,False,0.0000,0.000,0.000,0.000,0.00,15.00,0.00,0.00,0.00,0.00,0.00,REJECT,"FALSE_POSITIVE_ARTEFACT"
NONE (ARTEFACT),LIDAR_066,False,0.0000,0.000,0.000,0.000,0.00,56.00,0.00,0.00,0.00,0.00,0.00,REJECT,"FALSE_POSITIVE_ARTEFACT"
NONE (ARTEFACT),LIDAR_067,False,0.0000,0.000,0.000,0.000,0.00,249.00,0.00,0.00,0.00,0.00,0.00,REJECT,"FALSE_POSITIVE_ARTEFACT"
NONE (ARTEFACT),LIDAR_068,False,0.0000,0.000,0.000,0.000,0.00,59.00,0.00,0.00,0.00,0.00,0.00,REJECT,"FALSE_POSITIVE_ARTEFACT"
NONE (ARTEFACT),LIDAR_069,False,0.0000,0.000,0.000,0.000,0.00,62.00,0.00,0.00,0.00,0.00,0.00,REJECT,"FALSE_POSITIVE_ARTEFACT"
NONE (ARTEFACT),LIDAR_070,False,0.0000,0.000,0.000,0.000,0.00,35.00,0.00,0.00,0.00,0.00,0.00,REJECT,"FALSE_POSITIVE_ARTEFACT"
NONE (ARTEFACT),LIDAR_071,False,0.0000,0.000,0.000,0.000,0.00,18.00,0.00,0.00,0.00,0.00,0.00,REJECT,"FALSE_POSITIVE_ARTEFACT"
NONE (ARTEFACT),LIDAR_072,False,0.0000,0.000,0.000,0.000,0.00,20.00,0.00,0.00,0.00,0.00,0.00,REJECT,"FALSE_POSITIVE_ARTEFACT"
NONE (ARTEFACT),LIDAR_073,False,0.0000,0.000,0.000,0.000,0.00,781.00,0.00,0.00,0.00,0.00,0.00,REJECT,"FALSE_POSITIVE_ARTEFACT"
NONE (ARTEFACT),LIDAR_074,False,0.0000,0.000,0.000,0.000,0.00,162.00,0.00,0.00,0.00,0.00,0.00,REJECT,"FALSE_POSITIVE_ARTEFACT"
NONE (ARTEFACT),LIDAR_075,False,0.0000,0.000,0.000,0.000,0.00,2850.00,0.00,0.00,0.00,0.00,0.00,REJECT,"FALSE_POSITIVE_ARTEFACT"
NONE (ARTEFACT),LIDAR_076,False,0.0000,0.000,0.000,0.000,0.00,18.00,0.00,0.00,0.00,0.00,0.00,REJECT,"FALSE_POSITIVE_ARTEFACT"
NONE (ARTEFACT),LIDAR_077,False,0.0000,0.000,0.000,0.000,0.00,105.00,0.00,0.00,0.00,0.00,0.00,REJECT,"FALSE_POSITIVE_ARTEFACT"
NONE (ARTEFACT),LIDAR_078,False,0.0000,0.000,0.000,0.000,0.00,22.00,0.00,0.00,0.00,0.00,0.00,REJECT,"FALSE_POSITIVE_ARTEFACT"
NONE (ARTEFACT),LIDAR_079,False,0.0000,0.000,0.000,0.000,0.00,17.00,0.00,0.00,0.00,0.00,0.00,REJECT,"FALSE_POSITIVE_ARTEFACT"
NONE (ARTEFACT),LIDAR_080,False,0.0000,0.000,0.000,0.000,0.00,27.00,0.00,0.00,0.00,0.00,0.00,REJECT,"FALSE_POSITIVE_ARTEFACT"
NONE (ARTEFACT),LIDAR_081,False,0.0000,0.000,0.000,0.000,0.00,1254.00,0.00,0.00,0.00,0.00,0.00,REJECT,"FALSE_POSITIVE_ARTEFACT"
NONE (ARTEFACT),LIDAR_082,False,0.0000,0.000,0.000,0.000,0.00,20.00,0.00,0.00,0.00,0.00,0.00,REJECT,"FALSE_POSITIVE_ARTEFACT"
NONE (ARTEFACT),LIDAR_083,False,0.0000,0.000,0.000,0.000,0.00,28.00,0.00,0.00,0.00,0.00,0.00,REJECT,"FALSE_POSITIVE_ARTEFACT"
NONE (ARTEFACT),LIDAR_084,False,0.0000,0.000,0.000,0.000,0.00,16.00,0.00,0.00,0.00,0.00,0.00,REJECT,"FALSE_POSITIVE_ARTEFACT"
NONE (ARTEFACT),LIDAR_085,False,0.0000,0.000,0.000,0.000,0.00,1511.00,0.00,0.00,0.00,0.00,0.00,REJECT,"FALSE_POSITIVE_ARTEFACT"
NONE (ARTEFACT),LIDAR_086,False,0.0000,0.000,0.000,0.000,0.00,33.00,0.00,0.00,0.00,0.00,0.00,REJECT,"FALSE_POSITIVE_ARTEFACT"
NONE (ARTEFACT),LIDAR_087,False,0.0000,0.000,0.000,0.000,0.00,79.00,0.00,0.00,0.00,0.00,0.00,REJECT,"FALSE_POSITIVE_ARTEFACT"
NONE (ARTEFACT),LIDAR_088,False,0.0000,0.000,0.000,0.000,0.00,26.00,0.00,0.00,0.00,0.00,0.00,REJECT,"FALSE_POSITIVE_ARTEFACT"
NONE (ARTEFACT),LIDAR_089,False,0.0000,0.000,0.000,0.000,0.00,21.00,0.00,0.00,0.00,0.00,0.00,REJECT,"FALSE_POSITIVE_ARTEFACT"
NONE (ARTEFACT),LIDAR_090,False,0.0000,0.000,0.000,0.000,0.00,2392.00,0.00,0.00,0.00,0.00,0.00,REJECT,"FALSE_POSITIVE_ARTEFACT"
NONE (ARTEFACT),LIDAR_091,False,0.0000,0.000,0.000,0.000,0.00,27597.00,0.00,0.00,0.00,0.00,0.00,REJECT,"FALSE_POSITIVE_ARTEFACT"
NONE (ARTEFACT),LIDAR_092,False,0.0000,0.000,0.000,0.000,0.00,66.00,0.00,0.00,0.00,0.00,0.00,REJECT,"FALSE_POSITIVE_ARTEFACT"
NONE (ARTEFACT),LIDAR_093,False,0.0000,0.000,0.000,0.000,0.00,16.00,0.00,0.00,0.00,0.00,0.00,REJECT,"FALSE_POSITIVE_ARTEFACT"
NONE (ARTEFACT),LIDAR_094,False,0.0000,0.000,0.000,0.000,0.00,18.00,0.00,0.00,0.00,0.00,0.00,REJECT,"FALSE_POSITIVE_ARTEFACT"
NONE (ARTEFACT),LIDAR_095,False,0.0000,0.000,0.000,0.000,0.00,1239.00,0.00,0.00,0.00,0.00,0.00,REJECT,"FALSE_POSITIVE_ARTEFACT"
NONE (ARTEFACT),LIDAR_096,False,0.0000,0.000,0.000,0.000,0.00,37.00,0.00,0.00,0.00,0.00,0.00,REJECT,"FALSE_POSITIVE_ARTEFACT"
NONE (ARTEFACT),LIDAR_097,False,0.0000,0.000,0.000,0.000,0.00,5565.00,0.00,0.00,0.00,0.00,0.00,REJECT,"FALSE_POSITIVE_ARTEFACT"
NONE (ARTEFACT),LIDAR_098,False,0.0000,0.000,0.000,0.000,0.00,1582.00,0.00,0.00,0.00,0.00,0.00,REJECT,"FALSE_POSITIVE_ARTEFACT"
NONE (ARTEFACT),LIDAR_099,False,0.0000,0.000,0.000,0.000,0.00,972.00,0.00,0.00,0.00,0.00,0.00,REJECT,"FALSE_POSITIVE_ARTEFACT"
NONE (ARTEFACT),LIDAR_100,False,0.0000,0.000,0.000,0.000,0.00,583.00,0.00,0.00,0.00,0.00,0.00,REJECT,"FALSE_POSITIVE_ARTEFACT"
NONE (ARTEFACT),LIDAR_101,False,0.0000,0.000,0.000,0.000,0.00,419.00,0.00,0.00,0.00,0.00,0.00,REJECT,"FALSE_POSITIVE_ARTEFACT"
NONE (ARTEFACT),LIDAR_102,False,0.0000,0.000,0.000,0.000,0.00,15.00,0.00,0.00,0.00,0.00,0.00,REJECT,"FALSE_POSITIVE_ARTEFACT"
NONE (ARTEFACT),LIDAR_103,False,0.0000,0.000,0.000,0.000,0.00,22.00,0.00,0.00,0.00,0.00,0.00,REJECT,"FALSE_POSITIVE_ARTEFACT"
NONE (ARTEFACT),LIDAR_104,False,0.0000,0.000,0.000,0.000,0.00,24.00,0.00,0.00,0.00,0.00,0.00,REJECT,"FALSE_POSITIVE_ARTEFACT"
NONE (ARTEFACT),LIDAR_105,False,0.0000,0.000,0.000,0.000,0.00,299.00,0.00,0.00,0.00,0.00,0.00,REJECT,"FALSE_POSITIVE_ARTEFACT"
NONE (ARTEFACT),LIDAR_106,False,0.0000,0.000,0.000,0.000,0.00,30.00,0.00,0.00,0.00,0.00,0.00,REJECT,"FALSE_POSITIVE_ARTEFACT"
NONE (ARTEFACT),LIDAR_107,False,0.0000,0.000,0.000,0.000,0.00,22.00,0.00,0.00,0.00,0.00,0.00,REJECT,"FALSE_POSITIVE_ARTEFACT"
NONE (ARTEFACT),LIDAR_108,False,0.0000,0.000,0.000,0.000,0.00,63.00,0.00,0.00,0.00,0.00,0.00,REJECT,"FALSE_POSITIVE_ARTEFACT"
NONE (ARTEFACT),LIDAR_109,False,0.0000,0.000,0.000,0.000,0.00,89.00,0.00,0.00,0.00,0.00,0.00,REJECT,"FALSE_POSITIVE_ARTEFACT"
NONE (ARTEFACT),LIDAR_110,False,0.0000,0.000,0.000,0.000,0.00,1304.00,0.00,0.00,0.00,0.00,0.00,REJECT,"FALSE_POSITIVE_ARTEFACT"
NONE (ARTEFACT),LIDAR_111,False,0.0000,0.000,0.000,0.000,0.00,1556.00,0.00,0.00,0.00,0.00,0.00,REJECT,"FALSE_POSITIVE_ARTEFACT"
NONE (ARTEFACT),LIDAR_112,False,0.0000,0.000,0.000,0.000,0.00,27.00,0.00,0.00,0.00,0.00,0.00,REJECT,"FALSE_POSITIVE_ARTEFACT"
NONE (ARTEFACT),LIDAR_113,False,0.0000,0.000,0.000,0.000,0.00,15.00,0.00,0.00,0.00,0.00,0.00,REJECT,"FALSE_POSITIVE_ARTEFACT"
NONE (ARTEFACT),LIDAR_114,False,0.0000,0.000,0.000,0.000,0.00,35.00,0.00,0.00,0.00,0.00,0.00,REJECT,"FALSE_POSITIVE_ARTEFACT"
NONE (ARTEFACT),LIDAR_115,False,0.0000,0.000,0.000,0.000,0.00,43.00,0.00,0.00,0.00,0.00,0.00,REJECT,"FALSE_POSITIVE_ARTEFACT"
NONE (ARTEFACT),LIDAR_116,False,0.0000,0.000,0.000,0.000,0.00,776.00,0.00,0.00,0.00,0.00,0.00,REJECT,"FALSE_POSITIVE_ARTEFACT"
NONE (ARTEFACT),LIDAR_117,False,0.0000,0.000,0.000,0.000,0.00,386.00,0.00,0.00,0.00,0.00,0.00,REJECT,"FALSE_POSITIVE_ARTEFACT"
NONE (ARTEFACT),LIDAR_118,False,0.0000,0.000,0.000,0.000,0.00,1120.00,0.00,0.00,0.00,0.00,0.00,REJECT,"FALSE_POSITIVE_ARTEFACT"
NONE (ARTEFACT),LIDAR_119,False,0.0000,0.000,0.000,0.000,0.00,3100.00,0.00,0.00,0.00,0.00,0.00,REJECT,"FALSE_POSITIVE_ARTEFACT"
NONE (ARTEFACT),LIDAR_120,False,0.0000,0.000,0.000,0.000,0.00,32.00,0.00,0.00,0.00,0.00,0.00,REJECT,"FALSE_POSITIVE_ARTEFACT"
NONE (ARTEFACT),LIDAR_121,False,0.0000,0.000,0.000,0.000,0.00,22.00,0.00,0.00,0.00,0.00,0.00,REJECT,"FALSE_POSITIVE_ARTEFACT"
NONE (ARTEFACT),LIDAR_122,False,0.0000,0.000,0.000,0.000,0.00,26.00,0.00,0.00,0.00,0.00,0.00,REJECT,"FALSE_POSITIVE_ARTEFACT"
NONE (ARTEFACT),LIDAR_123,False,0.0000,0.000,0.000,0.000,0.00,139.00,0.00,0.00,0.00,0.00,0.00,REJECT,"FALSE_POSITIVE_ARTEFACT"
NONE (ARTEFACT),LIDAR_124,False,0.0000,0.000,0.000,0.000,0.00,71.00,0.00,0.00,0.00,0.00,0.00,REJECT,"FALSE_POSITIVE_ARTEFACT"
NONE (ARTEFACT),LIDAR_125,False,0.0000,0.000,0.000,0.000,0.00,38.00,0.00,0.00,0.00,0.00,0.00,REJECT,"FALSE_POSITIVE_ARTEFACT"
NONE (ARTEFACT),LIDAR_126,False,0.0000,0.000,0.000,0.000,0.00,23.00,0.00,0.00,0.00,0.00,0.00,REJECT,"FALSE_POSITIVE_ARTEFACT"
NONE (ARTEFACT),LIDAR_127,False,0.0000,0.000,0.000,0.000,0.00,22.00,0.00,0.00,0.00,0.00,0.00,REJECT,"FALSE_POSITIVE_ARTEFACT"
NONE (ARTEFACT),LIDAR_128,False,0.0000,0.000,0.000,0.000,0.00,18.00,0.00,0.00,0.00,0.00,0.00,REJECT,"FALSE_POSITIVE_ARTEFACT"
NONE (ARTEFACT),LIDAR_129,False,0.0000,0.000,0.000,0.000,0.00,393.00,0.00,0.00,0.00,0.00,0.00,REJECT,"FALSE_POSITIVE_ARTEFACT"
NONE (ARTEFACT),LIDAR_130,False,0.0000,0.000,0.000,0.000,0.00,277.00,0.00,0.00,0.00,0.00,0.00,REJECT,"FALSE_POSITIVE_ARTEFACT"
NONE (ARTEFACT),LIDAR_131,False,0.0000,0.000,0.000,0.000,0.00,28.00,0.00,0.00,0.00,0.00,0.00,REJECT,"FALSE_POSITIVE_ARTEFACT"
NONE (ARTEFACT),LIDAR_133,False,0.0000,0.000,0.000,0.000,0.00,46.00,0.00,0.00,0.00,0.00,0.00,REJECT,"FALSE_POSITIVE_ARTEFACT"
NONE (ARTEFACT),LIDAR_134,False,0.0000,0.000,0.000,0.000,0.00,17.00,0.00,0.00,0.00,0.00,0.00,REJECT,"FALSE_POSITIVE_ARTEFACT"
NONE (ARTEFACT),LIDAR_135,False,0.0000,0.000,0.000,0.000,0.00,40.00,0.00,0.00,0.00,0.00,0.00,REJECT,"FALSE_POSITIVE_ARTEFACT"
NONE (ARTEFACT),LIDAR_136,False,0.0000,0.000,0.000,0.000,0.00,16.00,0.00,0.00,0.00,0.00,0.00,REJECT,"FALSE_POSITIVE_ARTEFACT"
NONE (ARTEFACT),LIDAR_137,False,0.0000,0.000,0.000,0.000,0.00,24.00,0.00,0.00,0.00,0.00,0.00,REJECT,"FALSE_POSITIVE_ARTEFACT"
NONE (ARTEFACT),LIDAR_138,False,0.0000,0.000,0.000,0.000,0.00,33.00,0.00,0.00,0.00,0.00,0.00,REJECT,"FALSE_POSITIVE_ARTEFACT"
NONE (ARTEFACT),LIDAR_139,False,0.0000,0.000,0.000,0.000,0.00,18.00,0.00,0.00,0.00,0.00,0.00,REJECT,"FALSE_POSITIVE_ARTEFACT"
NONE (ARTEFACT),LIDAR_140,False,0.0000,0.000,0.000,0.000,0.00,26.00,0.00,0.00,0.00,0.00,0.00,REJECT,"FALSE_POSITIVE_ARTEFACT"
NONE (ARTEFACT),LIDAR_141,False,0.0000,0.000,0.000,0.000,0.00,32.00,0.00,0.00,0.00,0.00,0.00,REJECT,"FALSE_POSITIVE_ARTEFACT"
NONE (ARTEFACT),LIDAR_142,False,0.0000,0.000,0.000,0.000,0.00,105.00,0.00,0.00,0.00,0.00,0.00,REJECT,"FALSE_POSITIVE_ARTEFACT"
NONE (ARTEFACT),LIDAR_143,False,0.0000,0.000,0.000,0.000,0.00,139.00,0.00,0.00,0.00,0.00,0.00,REJECT,"FALSE_POSITIVE_ARTEFACT"
NONE (ARTEFACT),LIDAR_144,False,0.0000,0.000,0.000,0.000,0.00,939.00,0.00,0.00,0.00,0.00,0.00,REJECT,"FALSE_POSITIVE_ARTEFACT"
NONE (ARTEFACT),LIDAR_145,False,0.0000,0.000,0.000,0.000,0.00,50.00,0.00,0.00,0.00,0.00,0.00,REJECT,"FALSE_POSITIVE_ARTEFACT"
NONE (ARTEFACT),LIDAR_146,False,0.0000,0.000,0.000,0.000,0.00,67.00,0.00,0.00,0.00,0.00,0.00,REJECT,"FALSE_POSITIVE_ARTEFACT"
NONE (ARTEFACT),LIDAR_148,False,0.0000,0.000,0.000,0.000,0.00,80.00,0.00,0.00,0.00,0.00,0.00,REJECT,"FALSE_POSITIVE_ARTEFACT"
NONE (ARTEFACT),LIDAR_149,False,0.0000,0.000,0.000,0.000,0.00,17.00,0.00,0.00,0.00,0.00,0.00,REJECT,"FALSE_POSITIVE_ARTEFACT"
NONE (ARTEFACT),LIDAR_150,False,0.0000,0.000,0.000,0.000,0.00,158.00,0.00,0.00,0.00,0.00,0.00,REJECT,"FALSE_POSITIVE_ARTEFACT"
NONE (ARTEFACT),LIDAR_151,False,0.0000,0.000,0.000,0.000,0.00,38.00,0.00,0.00,0.00,0.00,0.00,REJECT,"FALSE_POSITIVE_ARTEFACT"
NONE (ARTEFACT),LIDAR_152,False,0.0000,0.000,0.000,0.000,0.00,323.00,0.00,0.00,0.00,0.00,0.00,REJECT,"FALSE_POSITIVE_ARTEFACT"
NONE (ARTEFACT),LIDAR_153,False,0.0000,0.000,0.000,0.000,0.00,17.00,0.00,0.00,0.00,0.00,0.00,REJECT,"FALSE_POSITIVE_ARTEFACT"
NONE (ARTEFACT),LIDAR_154,False,0.0000,0.000,0.000,0.000,0.00,15633.00,0.00,0.00,0.00,0.00,0.00,REJECT,"FALSE_POSITIVE_ARTEFACT"
NONE (ARTEFACT),LIDAR_155,False,0.0000,0.000,0.000,0.000,0.00,39.00,0.00,0.00,0.00,0.00,0.00,REJECT,"FALSE_POSITIVE_ARTEFACT"
NONE (ARTEFACT),LIDAR_156,False,0.0000,0.000,0.000,0.000,0.00,341.00,0.00,0.00,0.00,0.00,0.00,REJECT,"FALSE_POSITIVE_ARTEFACT"
NONE (ARTEFACT),LIDAR_157,False,0.0000,0.000,0.000,0.000,0.00,39.00,0.00,0.00,0.00,0.00,0.00,REJECT,"FALSE_POSITIVE_ARTEFACT"
NONE (ARTEFACT),LIDAR_158,False,0.0000,0.000,0.000,0.000,0.00,587.00,0.00,0.00,0.00,0.00,0.00,REJECT,"FALSE_POSITIVE_ARTEFACT"
NONE (ARTEFACT),LIDAR_159,False,0.0000,0.000,0.000,0.000,0.00,341.00,0.00,0.00,0.00,0.00,0.00,REJECT,"FALSE_POSITIVE_ARTEFACT"
NONE (ARTEFACT),LIDAR_160,False,0.0000,0.000,0.000,0.000,0.00,42.00,0.00,0.00,0.00,0.00,0.00,REJECT,"FALSE_POSITIVE_ARTEFACT"
NONE (ARTEFACT),LIDAR_162,False,0.0000,0.000,0.000,0.000,0.00,946.00,0.00,0.00,0.00,0.00,0.00,REJECT,"FALSE_POSITIVE_ARTEFACT"
NONE (ARTEFACT),LIDAR_163,False,0.0000,0.000,0.000,0.000,0.00,19.00,0.00,0.00,0.00,0.00,0.00,REJECT,"FALSE_POSITIVE_ARTEFACT"
NONE (ARTEFACT),LIDAR_164,False,0.0000,0.000,0.000,0.000,0.00,28.00,0.00,0.00,0.00,0.00,0.00,REJECT,"FALSE_POSITIVE_ARTEFACT"
NONE (ARTEFACT),LIDAR_165,False,0.0000,0.000,0.000,0.000,0.00,21.00,0.00,0.00,0.00,0.00,0.00,REJECT,"FALSE_POSITIVE_ARTEFACT"
NONE (ARTEFACT),LIDAR_166,False,0.0000,0.000,0.000,0.000,0.00,15.00,0.00,0.00,0.00,0.00,0.00,REJECT,"FALSE_POSITIVE_ARTEFACT"
NONE (ARTEFACT),LIDAR_167,False,0.0000,0.000,0.000,0.000,0.00,690.00,0.00,0.00,0.00,0.00,0.00,REJECT,"FALSE_POSITIVE_ARTEFACT"
NONE (ARTEFACT),LIDAR_168,False,0.0000,0.000,0.000,0.000,0.00,125.00,0.00,0.00,0.00,0.00,0.00,REJECT,"FALSE_POSITIVE_ARTEFACT"
NONE (ARTEFACT),LIDAR_169,False,0.0000,0.000,0.000,0.000,0.00,60.00,0.00,0.00,0.00,0.00,0.00,REJECT,"FALSE_POSITIVE_ARTEFACT"
NONE (ARTEFACT),LIDAR_170,False,0.0000,0.000,0.000,0.000,0.00,15.00,0.00,0.00,0.00,0.00,0.00,REJECT,"FALSE_POSITIVE_ARTEFACT"
NONE (ARTEFACT),LIDAR_171,False,0.0000,0.000,0.000,0.000,0.00,86.00,0.00,0.00,0.00,0.00,0.00,REJECT,"FALSE_POSITIVE_ARTEFACT"
NONE (ARTEFACT),LIDAR_172,False,0.0000,0.000,0.000,0.000,0.00,158.00,0.00,0.00,0.00,0.00,0.00,REJECT,"FALSE_POSITIVE_ARTEFACT"
NONE (ARTEFACT),LIDAR_174,False,0.0000,0.000,0.000,0.000,0.00,24.00,0.00,0.00,0.00,0.00,0.00,REJECT,"FALSE_POSITIVE_ARTEFACT"
NONE (ARTEFACT),LIDAR_175,False,0.0000,0.000,0.000,0.000,0.00,16.00,0.00,0.00,0.00,0.00,0.00,REJECT,"FALSE_POSITIVE_ARTEFACT"
NONE (ARTEFACT),LIDAR_176,False,0.0000,0.000,0.000,0.000,0.00,98.00,0.00,0.00,0.00,0.00,0.00,REJECT,"FALSE_POSITIVE_ARTEFACT"
NONE (ARTEFACT),LIDAR_177,False,0.0000,0.000,0.000,0.000,0.00,34.00,0.00,0.00,0.00,0.00,0.00,REJECT,"FALSE_POSITIVE_ARTEFACT"
NONE (ARTEFACT),LIDAR_178,False,0.0000,0.000,0.000,0.000,0.00,60.00,0.00,0.00,0.00,0.00,0.00,REJECT,"FALSE_POSITIVE_ARTEFACT"
NONE (ARTEFACT),LIDAR_179,False,0.0000,0.000,0.000,0.000,0.00,29.00,0.00,0.00,0.00,0.00,0.00,REJECT,"FALSE_POSITIVE_ARTEFACT"
NONE (ARTEFACT),LIDAR_180,False,0.0000,0.000,0.000,0.000,0.00,22.00,0.00,0.00,0.00,0.00,0.00,REJECT,"FALSE_POSITIVE_ARTEFACT"
NONE (ARTEFACT),LIDAR_182,False,0.0000,0.000,0.000,0.000,0.00,53.00,0.00,0.00,0.00,0.00,0.00,REJECT,"FALSE_POSITIVE_ARTEFACT"
NONE (ARTEFACT),LIDAR_183,False,0.0000,0.000,0.000,0.000,0.00,22.00,0.00,0.00,0.00,0.00,0.00,REJECT,"FALSE_POSITIVE_ARTEFACT"
NONE (ARTEFACT),LIDAR_184,False,0.0000,0.000,0.000,0.000,0.00,21.00,0.00,0.00,0.00,0.00,0.00,REJECT,"FALSE_POSITIVE_ARTEFACT"
NONE (ARTEFACT),LIDAR_185,False,0.0000,0.000,0.000,0.000,0.00,861.00,0.00,0.00,0.00,0.00,0.00,REJECT,"FALSE_POSITIVE_ARTEFACT"
NONE (ARTEFACT),LIDAR_186,False,0.0000,0.000,0.000,0.000,0.00,55.00,0.00,0.00,0.00,0.00,0.00,REJECT,"FALSE_POSITIVE_ARTEFACT"
NONE (ARTEFACT),LIDAR_187,False,0.0000,0.000,0.000,0.000,0.00,49.00,0.00,0.00,0.00,0.00,0.00,REJECT,"FALSE_POSITIVE_ARTEFACT"
NONE (ARTEFACT),LIDAR_188,False,0.0000,0.000,0.000,0.000,0.00,116.00,0.00,0.00,0.00,0.00,0.00,REJECT,"FALSE_POSITIVE_ARTEFACT"
NONE (ARTEFACT),LIDAR_189,False,0.0000,0.000,0.000,0.000,0.00,113.00,0.00,0.00,0.00,0.00,0.00,REJECT,"FALSE_POSITIVE_ARTEFACT"
NONE (ARTEFACT),LIDAR_190,False,0.0000,0.000,0.000,0.000,0.00,16.00,0.00,0.00,0.00,0.00,0.00,REJECT,"FALSE_POSITIVE_ARTEFACT"
NONE (ARTEFACT),LIDAR_191,False,0.0000,0.000,0.000,0.000,0.00,959.00,0.00,0.00,0.00,0.00,0.00,REJECT,"FALSE_POSITIVE_ARTEFACT"
NONE (ARTEFACT),LIDAR_192,False,0.0000,0.000,0.000,0.000,0.00,15.00,0.00,0.00,0.00,0.00,0.00,REJECT,"FALSE_POSITIVE_ARTEFACT"
NONE (ARTEFACT),LIDAR_193,False,0.0000,0.000,0.000,0.000,0.00,68.00,0.00,0.00,0.00,0.00,0.00,REJECT,"FALSE_POSITIVE_ARTEFACT"
NONE (ARTEFACT),LIDAR_194,False,0.0000,0.000,0.000,0.000,0.00,22.00,0.00,0.00,0.00,0.00,0.00,REJECT,"FALSE_POSITIVE_ARTEFACT"
NONE (ARTEFACT),LIDAR_195,False,0.0000,0.000,0.000,0.000,0.00,231.00,0.00,0.00,0.00,0.00,0.00,REJECT,"FALSE_POSITIVE_ARTEFACT"
NONE (ARTEFACT),LIDAR_196,False,0.0000,0.000,0.000,0.000,0.00,17.00,0.00,0.00,0.00,0.00,0.00,REJECT,"FALSE_POSITIVE_ARTEFACT"
NONE (ARTEFACT),LIDAR_197,False,0.0000,0.000,0.000,0.000,0.00,75.00,0.00,0.00,0.00,0.00,0.00,REJECT,"FALSE_POSITIVE_ARTEFACT"
NONE (ARTEFACT),LIDAR_198,False,0.0000,0.000,0.000,0.000,0.00,60.00,0.00,0.00,0.00,0.00,0.00,REJECT,"FALSE_POSITIVE_ARTEFACT"
NONE (ARTEFACT),LIDAR_199,False,0.0000,0.000,0.000,0.000,0.00,2265.00,0.00,0.00,0.00,0.00,0.00,REJECT,"FALSE_POSITIVE_ARTEFACT"
NONE (ARTEFACT),LIDAR_200,False,0.0000,0.000,0.000,0.000,0.00,27.00,0.00,0.00,0.00,0.00,0.00,REJECT,"FALSE_POSITIVE_ARTEFACT"
NONE (ARTEFACT),LIDAR_201,False,0.0000,0.000,0.000,0.000,0.00,59.00,0.00,0.00,0.00,0.00,0.00,REJECT,"FALSE_POSITIVE_ARTEFACT"
NONE (ARTEFACT),LIDAR_202,False,0.0000,0.000,0.000,0.000,0.00,153.00,0.00,0.00,0.00,0.00,0.00,REJECT,"FALSE_POSITIVE_ARTEFACT"
NONE (ARTEFACT),LIDAR_203,False,0.0000,0.000,0.000,0.000,0.00,473.00,0.00,0.00,0.00,0.00,0.00,REJECT,"FALSE_POSITIVE_ARTEFACT"
NONE (ARTEFACT),LIDAR_204,False,0.0000,0.000,0.000,0.000,0.00,47.00,0.00,0.00,0.00,0.00,0.00,REJECT,"FALSE_POSITIVE_ARTEFACT"
NONE (ARTEFACT),LIDAR_205,False,0.0000,0.000,0.000,0.000,0.00,213.00,0.00,0.00,0.00,0.00,0.00,REJECT,"FALSE_POSITIVE_ARTEFACT"
NONE (ARTEFACT),LIDAR_206,False,0.0000,0.000,0.000,0.000,0.00,769.00,0.00,0.00,0.00,0.00,0.00,REJECT,"FALSE_POSITIVE_ARTEFACT"
NONE (ARTEFACT),LIDAR_207,False,0.0000,0.000,0.000,0.000,0.00,20.00,0.00,0.00,0.00,0.00,0.00,REJECT,"FALSE_POSITIVE_ARTEFACT"
NONE (ARTEFACT),LIDAR_208,False,0.0000,0.000,0.000,0.000,0.00,16.00,0.00,0.00,0.00,0.00,0.00,REJECT,"FALSE_POSITIVE_ARTEFACT"
NONE (ARTEFACT),LIDAR_209,False,0.0000,0.000,0.000,0.000,0.00,19.00,0.00,0.00,0.00,0.00,0.00,REJECT,"FALSE_POSITIVE_ARTEFACT"
NONE (ARTEFACT),LIDAR_210,False,0.0000,0.000,0.000,0.000,0.00,63.00,0.00,0.00,0.00,0.00,0.00,REJECT,"FALSE_POSITIVE_ARTEFACT"
NONE (ARTEFACT),LIDAR_211,False,0.0000,0.000,0.000,0.000,0.00,46.00,0.00,0.00,0.00,0.00,0.00,REJECT,"FALSE_POSITIVE_ARTEFACT"
NONE (ARTEFACT),LIDAR_212,False,0.0000,0.000,0.000,0.000,0.00,292.00,0.00,0.00,0.00,0.00,0.00,REJECT,"FALSE_POSITIVE_ARTEFACT"
NONE (ARTEFACT),LIDAR_213,False,0.0000,0.000,0.000,0.000,0.00,21.00,0.00,0.00,0.00,0.00,0.00,REJECT,"FALSE_POSITIVE_ARTEFACT"
NONE (ARTEFACT),LIDAR_214,False,0.0000,0.000,0.000,0.000,0.00,54.00,0.00,0.00,0.00,0.00,0.00,REJECT,"FALSE_POSITIVE_ARTEFACT"
NONE (ARTEFACT),LIDAR_215,False,0.0000,0.000,0.000,0.000,0.00,21.00,0.00,0.00,0.00,0.00,0.00,REJECT,"FALSE_POSITIVE_ARTEFACT"
NONE (ARTEFACT),LIDAR_216,False,0.0000,0.000,0.000,0.000,0.00,32.00,0.00,0.00,0.00,0.00,0.00,REJECT,"FALSE_POSITIVE_ARTEFACT"
NONE (ARTEFACT),LIDAR_217,False,0.0000,0.000,0.000,0.000,0.00,81.00,0.00,0.00,0.00,0.00,0.00,REJECT,"FALSE_POSITIVE_ARTEFACT"
NONE (ARTEFACT),LIDAR_218,False,0.0000,0.000,0.000,0.000,0.00,264.00,0.00,0.00,0.00,0.00,0.00,REJECT,"FALSE_POSITIVE_ARTEFACT"
NONE (ARTEFACT),LIDAR_219,False,0.0000,0.000,0.000,0.000,0.00,26.00,0.00,0.00,0.00,0.00,0.00,REJECT,"FALSE_POSITIVE_ARTEFACT"
NONE (ARTEFACT),LIDAR_220,False,0.0000,0.000,0.000,0.000,0.00,17.00,0.00,0.00,0.00,0.00,0.00,REJECT,"FALSE_POSITIVE_ARTEFACT"
NONE (ARTEFACT),LIDAR_221,False,0.0000,0.000,0.000,0.000,0.00,2608.00,0.00,0.00,0.00,0.00,0.00,REJECT,"FALSE_POSITIVE_ARTEFACT"
NONE (ARTEFACT),LIDAR_222,False,0.0000,0.000,0.000,0.000,0.00,45.00,0.00,0.00,0.00,0.00,0.00,REJECT,"FALSE_POSITIVE_ARTEFACT"
NONE (ARTEFACT),LIDAR_223,False,0.0000,0.000,0.000,0.000,0.00,15.00,0.00,0.00,0.00,0.00,0.00,REJECT,"FALSE_POSITIVE_ARTEFACT"
NONE (ARTEFACT),LIDAR_224,False,0.0000,0.000,0.000,0.000,0.00,233.00,0.00,0.00,0.00,0.00,0.00,REJECT,"FALSE_POSITIVE_ARTEFACT"
NONE (ARTEFACT),LIDAR_225,False,0.0000,0.000,0.000,0.000,0.00,35.00,0.00,0.00,0.00,0.00,0.00,REJECT,"FALSE_POSITIVE_ARTEFACT"
NONE (ARTEFACT),LIDAR_226,False,0.0000,0.000,0.000,0.000,0.00,464.00,0.00,0.00,0.00,0.00,0.00,REJECT,"FALSE_POSITIVE_ARTEFACT"
NONE (ARTEFACT),LIDAR_227,False,0.0000,0.000,0.000,0.000,0.00,233.00,0.00,0.00,0.00,0.00,0.00,REJECT,"FALSE_POSITIVE_ARTEFACT"
NONE (ARTEFACT),LIDAR_228,False,0.0000,0.000,0.000,0.000,0.00,15.00,0.00,0.00,0.00,0.00,0.00,REJECT,"FALSE_POSITIVE_ARTEFACT"
NONE (ARTEFACT),LIDAR_229,False,0.0000,0.000,0.000,0.000,0.00,51400.00,0.00,0.00,0.00,0.00,0.00,REJECT,"FALSE_POSITIVE_ARTEFACT"
NONE (ARTEFACT),LIDAR_230,False,0.0000,0.000,0.000,0.000,0.00,404.00,0.00,0.00,0.00,0.00,0.00,REJECT,"FALSE_POSITIVE_ARTEFACT"
NONE (ARTEFACT),LIDAR_231,False,0.0000,0.000,0.000,0.000,0.00,91.00,0.00,0.00,0.00,0.00,0.00,REJECT,"FALSE_POSITIVE_ARTEFACT"
NONE (ARTEFACT),LIDAR_232,False,0.0000,0.000,0.000,0.000,0.00,44.00,0.00,0.00,0.00,0.00,0.00,REJECT,"FALSE_POSITIVE_ARTEFACT"
NONE (ARTEFACT),LIDAR_233,False,0.0000,0.000,0.000,0.000,0.00,99.00,0.00,0.00,0.00,0.00,0.00,REJECT,"FALSE_POSITIVE_ARTEFACT"
NONE (ARTEFACT),LIDAR_234,False,0.0000,0.000,0.000,0.000,0.00,31.00,0.00,0.00,0.00,0.00,0.00,REJECT,"FALSE_POSITIVE_ARTEFACT"
NONE (ARTEFACT),LIDAR_235,False,0.0000,0.000,0.000,0.000,0.00,60.00,0.00,0.00,0.00,0.00,0.00,REJECT,"FALSE_POSITIVE_ARTEFACT"
NONE (ARTEFACT),LIDAR_236,False,0.0000,0.000,0.000,0.000,0.00,23.00,0.00,0.00,0.00,0.00,0.00,REJECT,"FALSE_POSITIVE_ARTEFACT"
NONE (ARTEFACT),LIDAR_237,False,0.0000,0.000,0.000,0.000,0.00,200.00,0.00,0.00,0.00,0.00,0.00,REJECT,"FALSE_POSITIVE_ARTEFACT"
NONE (ARTEFACT),LIDAR_238,False,0.0000,0.000,0.000,0.000,0.00,1443.00,0.00,0.00,0.00,0.00,0.00,REJECT,"FALSE_POSITIVE_ARTEFACT"
NONE (ARTEFACT),LIDAR_239,False,0.0000,0.000,0.000,0.000,0.00,33.00,0.00,0.00,0.00,0.00,0.00,REJECT,"FALSE_POSITIVE_ARTEFACT"
NONE (ARTEFACT),LIDAR_240,False,0.0000,0.000,0.000,0.000,0.00,39.00,0.00,0.00,0.00,0.00,0.00,REJECT,"FALSE_POSITIVE_ARTEFACT"
NONE (ARTEFACT),LIDAR_241,False,0.0000,0.000,0.000,0.000,0.00,164.00,0.00,0.00,0.00,0.00,0.00,REJECT,"FALSE_POSITIVE_ARTEFACT"
NONE (ARTEFACT),LIDAR_242,False,0.0000,0.000,0.000,0.000,0.00,23.00,0.00,0.00,0.00,0.00,0.00,REJECT,"FALSE_POSITIVE_ARTEFACT"
NONE (ARTEFACT),LIDAR_243,False,0.0000,0.000,0.000,0.000,0.00,86.00,0.00,0.00,0.00,0.00,0.00,REJECT,"FALSE_POSITIVE_ARTEFACT"
NONE (ARTEFACT),LIDAR_244,False,0.0000,0.000,0.000,0.000,0.00,1706.00,0.00,0.00,0.00,0.00,0.00,REJECT,"FALSE_POSITIVE_ARTEFACT"
NONE (ARTEFACT),LIDAR_245,False,0.0000,0.000,0.000,0.000,0.00,158.00,0.00,0.00,0.00,0.00,0.00,REJECT,"FALSE_POSITIVE_ARTEFACT"
NONE (ARTEFACT),LIDAR_246,False,0.0000,0.000,0.000,0.000,0.00,115.00,0.00,0.00,0.00,0.00,0.00,REJECT,"FALSE_POSITIVE_ARTEFACT"
NONE (ARTEFACT),LIDAR_247,False,0.0000,0.000,0.000,0.000,0.00,2367.00,0.00,0.00,0.00,0.00,0.00,REJECT,"FALSE_POSITIVE_ARTEFACT"
NONE (ARTEFACT),LIDAR_248,False,0.0000,0.000,0.000,0.000,0.00,15.00,0.00,0.00,0.00,0.00,0.00,REJECT,"FALSE_POSITIVE_ARTEFACT"
NONE (ARTEFACT),LIDAR_249,False,0.0000,0.000,0.000,0.000,0.00,28.00,0.00,0.00,0.00,0.00,0.00,REJECT,"FALSE_POSITIVE_ARTEFACT"
NONE (ARTEFACT),LIDAR_250,False,0.0000,0.000,0.000,0.000,0.00,34.00,0.00,0.00,0.00,0.00,0.00,REJECT,"FALSE_POSITIVE_ARTEFACT"
NONE (ARTEFACT),LIDAR_251,False,0.0000,0.000,0.000,0.000,0.00,621.00,0.00,0.00,0.00,0.00,0.00,REJECT,"FALSE_POSITIVE_ARTEFACT"
NONE (ARTEFACT),LIDAR_252,False,0.0000,0.000,0.000,0.000,0.00,91.00,0.00,0.00,0.00,0.00,0.00,REJECT,"FALSE_POSITIVE_ARTEFACT"
NONE (ARTEFACT),LIDAR_253,False,0.0000,0.000,0.000,0.000,0.00,140.00,0.00,0.00,0.00,0.00,0.00,REJECT,"FALSE_POSITIVE_ARTEFACT"
NONE (ARTEFACT),LIDAR_254,False,0.0000,0.000,0.000,0.000,0.00,55.00,0.00,0.00,0.00,0.00,0.00,REJECT,"FALSE_POSITIVE_ARTEFACT"
NONE (ARTEFACT),LIDAR_256,False,0.0000,0.000,0.000,0.000,0.00,30.00,0.00,0.00,0.00,0.00,0.00,REJECT,"FALSE_POSITIVE_ARTEFACT"
NONE (ARTEFACT),LIDAR_257,False,0.0000,0.000,0.000,0.000,0.00,36.00,0.00,0.00,0.00,0.00,0.00,REJECT,"FALSE_POSITIVE_ARTEFACT"
NONE (ARTEFACT),LIDAR_258,False,0.0000,0.000,0.000,0.000,0.00,63.00,0.00,0.00,0.00,0.00,0.00,REJECT,"FALSE_POSITIVE_ARTEFACT"
NONE (ARTEFACT),LIDAR_259,False,0.0000,0.000,0.000,0.000,0.00,538.00,0.00,0.00,0.00,0.00,0.00,REJECT,"FALSE_POSITIVE_ARTEFACT"
NONE (ARTEFACT),LIDAR_260,False,0.0000,0.000,0.000,0.000,0.00,397.00,0.00,0.00,0.00,0.00,0.00,REJECT,"FALSE_POSITIVE_ARTEFACT"
NONE (ARTEFACT),LIDAR_261,False,0.0000,0.000,0.000,0.000,0.00,869.00,0.00,0.00,0.00,0.00,0.00,REJECT,"FALSE_POSITIVE_ARTEFACT"
NONE (ARTEFACT),LIDAR_262,False,0.0000,0.000,0.000,0.000,0.00,164.00,0.00,0.00,0.00,0.00,0.00,REJECT,"FALSE_POSITIVE_ARTEFACT"
NONE (ARTEFACT),LIDAR_263,False,0.0000,0.000,0.000,0.000,0.00,43.00,0.00,0.00,0.00,0.00,0.00,REJECT,"FALSE_POSITIVE_ARTEFACT"
NONE (ARTEFACT),LIDAR_264,False,0.0000,0.000,0.000,0.000,0.00,1749.00,0.00,0.00,0.00,0.00,0.00,REJECT,"FALSE_POSITIVE_ARTEFACT"
NONE (ARTEFACT),LIDAR_265,False,0.0000,0.000,0.000,0.000,0.00,64.00,0.00,0.00,0.00,0.00,0.00,REJECT,"FALSE_POSITIVE_ARTEFACT"
NONE (ARTEFACT),LIDAR_266,False,0.0000,0.000,0.000,0.000,0.00,26.00,0.00,0.00,0.00,0.00,0.00,REJECT,"FALSE_POSITIVE_ARTEFACT"
NONE (ARTEFACT),LIDAR_267,False,0.0000,0.000,0.000,0.000,0.00,1844.00,0.00,0.00,0.00,0.00,0.00,REJECT,"FALSE_POSITIVE_ARTEFACT"
NONE (ARTEFACT),LIDAR_268,False,0.0000,0.000,0.000,0.000,0.00,125.00,0.00,0.00,0.00,0.00,0.00,REJECT,"FALSE_POSITIVE_ARTEFACT"
NONE (ARTEFACT),LIDAR_269,False,0.0000,0.000,0.000,0.000,0.00,171.00,0.00,0.00,0.00,0.00,0.00,REJECT,"FALSE_POSITIVE_ARTEFACT"
NONE (ARTEFACT),LIDAR_270,False,0.0000,0.000,0.000,0.000,0.00,23.00,0.00,0.00,0.00,0.00,0.00,REJECT,"FALSE_POSITIVE_ARTEFACT"
NONE (ARTEFACT),LIDAR_271,False,0.0000,0.000,0.000,0.000,0.00,59.00,0.00,0.00,0.00,0.00,0.00,REJECT,"FALSE_POSITIVE_ARTEFACT"
NONE (ARTEFACT),LIDAR_272,False,0.0000,0.000,0.000,0.000,0.00,26.00,0.00,0.00,0.00,0.00,0.00,REJECT,"FALSE_POSITIVE_ARTEFACT"
NONE (ARTEFACT),LIDAR_273,False,0.0000,0.000,0.000,0.000,0.00,30.00,0.00,0.00,0.00,0.00,0.00,REJECT,"FALSE_POSITIVE_ARTEFACT"
NONE (ARTEFACT),LIDAR_274,False,0.0000,0.000,0.000,0.000,0.00,34.00,0.00,0.00,0.00,0.00,0.00,REJECT,"FALSE_POSITIVE_ARTEFACT"
NONE (ARTEFACT),LIDAR_275,False,0.0000,0.000,0.000,0.000,0.00,1240.00,0.00,0.00,0.00,0.00,0.00,REJECT,"FALSE_POSITIVE_ARTEFACT"
NONE (ARTEFACT),LIDAR_276,False,0.0000,0.000,0.000,0.000,0.00,22.00,0.00,0.00,0.00,0.00,0.00,REJECT,"FALSE_POSITIVE_ARTEFACT"
NONE (ARTEFACT),LIDAR_277,False,0.0000,0.000,0.000,0.000,0.00,47.00,0.00,0.00,0.00,0.00,0.00,REJECT,"FALSE_POSITIVE_ARTEFACT"
NONE (ARTEFACT),LIDAR_278,False,0.0000,0.000,0.000,0.000,0.00,42.00,0.00,0.00,0.00,0.00,0.00,REJECT,"FALSE_POSITIVE_ARTEFACT"
NONE (ARTEFACT),LIDAR_279,False,0.0000,0.000,0.000,0.000,0.00,19.00,0.00,0.00,0.00,0.00,0.00,REJECT,"FALSE_POSITIVE_ARTEFACT"
NONE (ARTEFACT),LIDAR_280,False,0.0000,0.000,0.000,0.000,0.00,1299.00,0.00,0.00,0.00,0.00,0.00,REJECT,"FALSE_POSITIVE_ARTEFACT"
NONE (ARTEFACT),LIDAR_281,False,0.0000,0.000,0.000,0.000,0.00,45.00,0.00,0.00,0.00,0.00,0.00,REJECT,"FALSE_POSITIVE_ARTEFACT"
NONE (ARTEFACT),LIDAR_282,False,0.0000,0.000,0.000,0.000,0.00,40.00,0.00,0.00,0.00,0.00,0.00,REJECT,"FALSE_POSITIVE_ARTEFACT"
NONE (ARTEFACT),LIDAR_283,False,0.0000,0.000,0.000,0.000,0.00,15.00,0.00,0.00,0.00,0.00,0.00,REJECT,"FALSE_POSITIVE_ARTEFACT"
NONE (ARTEFACT),LIDAR_284,False,0.0000,0.000,0.000,0.000,0.00,21.00,0.00,0.00,0.00,0.00,0.00,REJECT,"FALSE_POSITIVE_ARTEFACT"
NONE (ARTEFACT),LIDAR_285,False,0.0000,0.000,0.000,0.000,0.00,96.00,0.00,0.00,0.00,0.00,0.00,REJECT,"FALSE_POSITIVE_ARTEFACT"
NONE (ARTEFACT),LIDAR_286,False,0.0000,0.000,0.000,0.000,0.00,254.00,0.00,0.00,0.00,0.00,0.00,REJECT,"FALSE_POSITIVE_ARTEFACT"
NONE (ARTEFACT),LIDAR_287,False,0.0000,0.000,0.000,0.000,0.00,96.00,0.00,0.00,0.00,0.00,0.00,REJECT,"FALSE_POSITIVE_ARTEFACT"
NONE (ARTEFACT),LIDAR_288,False,0.0000,0.000,0.000,0.000,0.00,52.00,0.00,0.00,0.00,0.00,0.00,REJECT,"FALSE_POSITIVE_ARTEFACT"
NONE (ARTEFACT),LIDAR_289,False,0.0000,0.000,0.000,0.000,0.00,21.00,0.00,0.00,0.00,0.00,0.00,REJECT,"FALSE_POSITIVE_ARTEFACT"
NONE (ARTEFACT),LIDAR_290,False,0.0000,0.000,0.000,0.000,0.00,116.00,0.00,0.00,0.00,0.00,0.00,REJECT,"FALSE_POSITIVE_ARTEFACT"
NONE (ARTEFACT),LIDAR_291,False,0.0000,0.000,0.000,0.000,0.00,28.00,0.00,0.00,0.00,0.00,0.00,REJECT,"FALSE_POSITIVE_ARTEFACT"
NONE (ARTEFACT),LIDAR_292,False,0.0000,0.000,0.000,0.000,0.00,25.00,0.00,0.00,0.00,0.00,0.00,REJECT,"FALSE_POSITIVE_ARTEFACT"
NONE (ARTEFACT),LIDAR_293,False,0.0000,0.000,0.000,0.000,0.00,21.00,0.00,0.00,0.00,0.00,0.00,REJECT,"FALSE_POSITIVE_ARTEFACT"
NONE (ARTEFACT),LIDAR_294,False,0.0000,0.000,0.000,0.000,0.00,147.00,0.00,0.00,0.00,0.00,0.00,REJECT,"FALSE_POSITIVE_ARTEFACT"
NONE (ARTEFACT),LIDAR_295,False,0.0000,0.000,0.000,0.000,0.00,94.00,0.00,0.00,0.00,0.00,0.00,REJECT,"FALSE_POSITIVE_ARTEFACT"
NONE (ARTEFACT),LIDAR_296,False,0.0000,0.000,0.000,0.000,0.00,61.00,0.00,0.00,0.00,0.00,0.00,REJECT,"FALSE_POSITIVE_ARTEFACT"
NONE (ARTEFACT),LIDAR_297,False,0.0000,0.000,0.000,0.000,0.00,33.00,0.00,0.00,0.00,0.00,0.00,REJECT,"FALSE_POSITIVE_ARTEFACT"
NONE (ARTEFACT),LIDAR_298,False,0.0000,0.000,0.000,0.000,0.00,30.00,0.00,0.00,0.00,0.00,0.00,REJECT,"FALSE_POSITIVE_ARTEFACT"
NONE (ARTEFACT),LIDAR_299,False,0.0000,0.000,0.000,0.000,0.00,1168.00,0.00,0.00,0.00,0.00,0.00,REJECT,"FALSE_POSITIVE_ARTEFACT"
NONE (ARTEFACT),LIDAR_300,False,0.0000,0.000,0.000,0.000,0.00,367.00,0.00,0.00,0.00,0.00,0.00,REJECT,"FALSE_POSITIVE_ARTEFACT"
NONE (ARTEFACT),LIDAR_301,False,0.0000,0.000,0.000,0.000,0.00,19.00,0.00,0.00,0.00,0.00,0.00,REJECT,"FALSE_POSITIVE_ARTEFACT"
NONE (ARTEFACT),LIDAR_302,False,0.0000,0.000,0.000,0.000,0.00,43.00,0.00,0.00,0.00,0.00,0.00,REJECT,"FALSE_POSITIVE_ARTEFACT"
NONE (ARTEFACT),LIDAR_303,False,0.0000,0.000,0.000,0.000,0.00,24.00,0.00,0.00,0.00,0.00,0.00,REJECT,"FALSE_POSITIVE_ARTEFACT"
NONE (ARTEFACT),LIDAR_304,False,0.0000,0.000,0.000,0.000,0.00,31.00,0.00,0.00,0.00,0.00,0.00,REJECT,"FALSE_POSITIVE_ARTEFACT"
NONE (ARTEFACT),LIDAR_305,False,0.0000,0.000,0.000,0.000,0.00,25.00,0.00,0.00,0.00,0.00,0.00,REJECT,"FALSE_POSITIVE_ARTEFACT"
NONE (ARTEFACT),LIDAR_306,False,0.0000,0.000,0.000,0.000,0.00,40.00,0.00,0.00,0.00,0.00,0.00,REJECT,"FALSE_POSITIVE_ARTEFACT"
NONE (ARTEFACT),LIDAR_307,False,0.0000,0.000,0.000,0.000,0.00,40332.00,0.00,0.00,0.00,0.00,0.00,REJECT,"FALSE_POSITIVE_ARTEFACT"
NONE (ARTEFACT),LIDAR_308,False,0.0000,0.000,0.000,0.000,0.00,26.00,0.00,0.00,0.00,0.00,0.00,REJECT,"FALSE_POSITIVE_ARTEFACT"
NONE (ARTEFACT),LIDAR_309,False,0.0000,0.000,0.000,0.000,0.00,147.00,0.00,0.00,0.00,0.00,0.00,REJECT,"FALSE_POSITIVE_ARTEFACT"
NONE (ARTEFACT),LIDAR_310,False,0.0000,0.000,0.000,0.000,0.00,19.00,0.00,0.00,0.00,0.00,0.00,REJECT,"FALSE_POSITIVE_ARTEFACT"
NONE (ARTEFACT),LIDAR_311,False,0.0000,0.000,0.000,0.000,0.00,118.00,0.00,0.00,0.00,0.00,0.00,REJECT,"FALSE_POSITIVE_ARTEFACT"
NONE (ARTEFACT),LIDAR_312,False,0.0000,0.000,0.000,0.000,0.00,23.00,0.00,0.00,0.00,0.00,0.00,REJECT,"FALSE_POSITIVE_ARTEFACT"
NONE (ARTEFACT),LIDAR_313,False,0.0000,0.000,0.000,0.000,0.00,160.00,0.00,0.00,0.00,0.00,0.00,REJECT,"FALSE_POSITIVE_ARTEFACT"
NONE (ARTEFACT),LIDAR_314,False,0.0000,0.000,0.000,0.000,0.00,470.00,0.00,0.00,0.00,0.00,0.00,REJECT,"FALSE_POSITIVE_ARTEFACT"
NONE (ARTEFACT),LIDAR_315,False,0.0000,0.000,0.000,0.000,0.00,21.00,0.00,0.00,0.00,0.00,0.00,REJECT,"FALSE_POSITIVE_ARTEFACT"
NONE (ARTEFACT),LIDAR_316,False,0.0000,0.000,0.000,0.000,0.00,515.00,0.00,0.00,0.00,0.00,0.00,REJECT,"FALSE_POSITIVE_ARTEFACT"
NONE (ARTEFACT),LIDAR_317,False,0.0000,0.000,0.000,0.000,0.00,19.00,0.00,0.00,0.00,0.00,0.00,REJECT,"FALSE_POSITIVE_ARTEFACT"
NONE (ARTEFACT),LIDAR_318,False,0.0000,0.000,0.000,0.000,0.00,516.00,0.00,0.00,0.00,0.00,0.00,REJECT,"FALSE_POSITIVE_ARTEFACT"
NONE (ARTEFACT),LIDAR_319,False,0.0000,0.000,0.000,0.000,0.00,65.00,0.00,0.00,0.00,0.00,0.00,REJECT,"FALSE_POSITIVE_ARTEFACT"
NONE (ARTEFACT),LIDAR_320,False,0.0000,0.000,0.000,0.000,0.00,184.00,0.00,0.00,0.00,0.00,0.00,REJECT,"FALSE_POSITIVE_ARTEFACT"
NONE (ARTEFACT),LIDAR_321,False,0.0000,0.000,0.000,0.000,0.00,21.00,0.00,0.00,0.00,0.00,0.00,REJECT,"FALSE_POSITIVE_ARTEFACT"
NONE (ARTEFACT),LIDAR_322,False,0.0000,0.000,0.000,0.000,0.00,18.00,0.00,0.00,0.00,0.00,0.00,REJECT,"FALSE_POSITIVE_ARTEFACT"
NONE (ARTEFACT),LIDAR_323,False,0.0000,0.000,0.000,0.000,0.00,497.00,0.00,0.00,0.00,0.00,0.00,REJECT,"FALSE_POSITIVE_ARTEFACT"
NONE (ARTEFACT),LIDAR_324,False,0.0000,0.000,0.000,0.000,0.00,89.00,0.00,0.00,0.00,0.00,0.00,REJECT,"FALSE_POSITIVE_ARTEFACT"
NONE (ARTEFACT),LIDAR_325,False,0.0000,0.000,0.000,0.000,0.00,17.00,0.00,0.00,0.00,0.00,0.00,REJECT,"FALSE_POSITIVE_ARTEFACT"
NONE (ARTEFACT),LIDAR_326,False,0.0000,0.000,0.000,0.000,0.00,27.00,0.00,0.00,0.00,0.00,0.00,REJECT,"FALSE_POSITIVE_ARTEFACT"
NONE (ARTEFACT),LIDAR_327,False,0.0000,0.000,0.000,0.000,0.00,356.00,0.00,0.00,0.00,0.00,0.00,REJECT,"FALSE_POSITIVE_ARTEFACT"
NONE (ARTEFACT),LIDAR_328,False,0.0000,0.000,0.000,0.000,0.00,36.00,0.00,0.00,0.00,0.00,0.00,REJECT,"FALSE_POSITIVE_ARTEFACT"
NONE (ARTEFACT),LIDAR_329,False,0.0000,0.000,0.000,0.000,0.00,4586.00,0.00,0.00,0.00,0.00,0.00,REJECT,"FALSE_POSITIVE_ARTEFACT"
NONE (ARTEFACT),LIDAR_330,False,0.0000,0.000,0.000,0.000,0.00,505.00,0.00,0.00,0.00,0.00,0.00,REJECT,"FALSE_POSITIVE_ARTEFACT"
NONE (ARTEFACT),LIDAR_331,False,0.0000,0.000,0.000,0.000,0.00,646.00,0.00,0.00,0.00,0.00,0.00,REJECT,"FALSE_POSITIVE_ARTEFACT"
NONE (ARTEFACT),LIDAR_332,False,0.0000,0.000,0.000,0.000,0.00,275.00,0.00,0.00,0.00,0.00,0.00,REJECT,"FALSE_POSITIVE_ARTEFACT"
NONE (ARTEFACT),LIDAR_333,False,0.0000,0.000,0.000,0.000,0.00,21.00,0.00,0.00,0.00,0.00,0.00,REJECT,"FALSE_POSITIVE_ARTEFACT"
NONE (ARTEFACT),LIDAR_334,False,0.0000,0.000,0.000,0.000,0.00,672.00,0.00,0.00,0.00,0.00,0.00,REJECT,"FALSE_POSITIVE_ARTEFACT"
NONE (ARTEFACT),LIDAR_335,False,0.0000,0.000,0.000,0.000,0.00,54.00,0.00,0.00,0.00,0.00,0.00,REJECT,"FALSE_POSITIVE_ARTEFACT"
NONE (ARTEFACT),LIDAR_336,False,0.0000,0.000,0.000,0.000,0.00,211.00,0.00,0.00,0.00,0.00,0.00,REJECT,"FALSE_POSITIVE_ARTEFACT"
NONE (ARTEFACT),LIDAR_337,False,0.0000,0.000,0.000,0.000,0.00,181.00,0.00,0.00,0.00,0.00,0.00,REJECT,"FALSE_POSITIVE_ARTEFACT"
NONE (ARTEFACT),LIDAR_338,False,0.0000,0.000,0.000,0.000,0.00,40.00,0.00,0.00,0.00,0.00,0.00,REJECT,"FALSE_POSITIVE_ARTEFACT"
NONE (ARTEFACT),LIDAR_339,False,0.0000,0.000,0.000,0.000,0.00,32.00,0.00,0.00,0.00,0.00,0.00,REJECT,"FALSE_POSITIVE_ARTEFACT"
NONE (ARTEFACT),LIDAR_340,False,0.0000,0.000,0.000,0.000,0.00,44.00,0.00,0.00,0.00,0.00,0.00,REJECT,"FALSE_POSITIVE_ARTEFACT"
NONE (ARTEFACT),LIDAR_341,False,0.0000,0.000,0.000,0.000,0.00,105.00,0.00,0.00,0.00,0.00,0.00,REJECT,"FALSE_POSITIVE_ARTEFACT"
NONE (ARTEFACT),LIDAR_342,False,0.0000,0.000,0.000,0.000,0.00,54.00,0.00,0.00,0.00,0.00,0.00,REJECT,"FALSE_POSITIVE_ARTEFACT"
NONE (ARTEFACT),LIDAR_343,False,0.0000,0.000,0.000,0.000,0.00,294.00,0.00,0.00,0.00,0.00,0.00,REJECT,"FALSE_POSITIVE_ARTEFACT"
NONE (ARTEFACT),LIDAR_344,False,0.0000,0.000,0.000,0.000,0.00,33.00,0.00,0.00,0.00,0.00,0.00,REJECT,"FALSE_POSITIVE_ARTEFACT"
NONE (ARTEFACT),LIDAR_345,False,0.0000,0.000,0.000,0.000,0.00,331.00,0.00,0.00,0.00,0.00,0.00,REJECT,"FALSE_POSITIVE_ARTEFACT"
NONE (ARTEFACT),LIDAR_346,False,0.0000,0.000,0.000,0.000,0.00,19.00,0.00,0.00,0.00,0.00,0.00,REJECT,"FALSE_POSITIVE_ARTEFACT"
NONE (ARTEFACT),LIDAR_347,False,0.0000,0.000,0.000,0.000,0.00,62.00,0.00,0.00,0.00,0.00,0.00,REJECT,"FALSE_POSITIVE_ARTEFACT"
NONE (ARTEFACT),LIDAR_348,False,0.0000,0.000,0.000,0.000,0.00,306.00,0.00,0.00,0.00,0.00,0.00,REJECT,"FALSE_POSITIVE_ARTEFACT"
NONE (ARTEFACT),LIDAR_349,False,0.0000,0.000,0.000,0.000,0.00,34.00,0.00,0.00,0.00,0.00,0.00,REJECT,"FALSE_POSITIVE_ARTEFACT"
NONE (ARTEFACT),LIDAR_350,False,0.0000,0.000,0.000,0.000,0.00,38.00,0.00,0.00,0.00,0.00,0.00,REJECT,"FALSE_POSITIVE_ARTEFACT"
NONE (ARTEFACT),LIDAR_351,False,0.0000,0.000,0.000,0.000,0.00,35.00,0.00,0.00,0.00,0.00,0.00,REJECT,"FALSE_POSITIVE_ARTEFACT"
NONE (ARTEFACT),LIDAR_352,False,0.0000,0.000,0.000,0.000,0.00,18.00,0.00,0.00,0.00,0.00,0.00,REJECT,"FALSE_POSITIVE_ARTEFACT"
NONE (ARTEFACT),LIDAR_353,False,0.0000,0.000,0.000,0.000,0.00,1152.00,0.00,0.00,0.00,0.00,0.00,REJECT,"FALSE_POSITIVE_ARTEFACT"
NONE (ARTEFACT),LIDAR_354,False,0.0000,0.000,0.000,0.000,0.00,626.00,0.00,0.00,0.00,0.00,0.00,REJECT,"FALSE_POSITIVE_ARTEFACT"
NONE (ARTEFACT),LIDAR_355,False,0.0000,0.000,0.000,0.000,0.00,105.00,0.00,0.00,0.00,0.00,0.00,REJECT,"FALSE_POSITIVE_ARTEFACT"
NONE (ARTEFACT),LIDAR_356,False,0.0000,0.000,0.000,0.000,0.00,497.00,0.00,0.00,0.00,0.00,0.00,REJECT,"FALSE_POSITIVE_ARTEFACT"
NONE (ARTEFACT),LIDAR_357,False,0.0000,0.000,0.000,0.000,0.00,39.00,0.00,0.00,0.00,0.00,0.00,REJECT,"FALSE_POSITIVE_ARTEFACT"
NONE (ARTEFACT),LIDAR_358,False,0.0000,0.000,0.000,0.000,0.00,15.00,0.00,0.00,0.00,0.00,0.00,REJECT,"FALSE_POSITIVE_ARTEFACT"
NONE (ARTEFACT),LIDAR_359,False,0.0000,0.000,0.000,0.000,0.00,25.00,0.00,0.00,0.00,0.00,0.00,REJECT,"FALSE_POSITIVE_ARTEFACT"
NONE (ARTEFACT),LIDAR_360,False,0.0000,0.000,0.000,0.000,0.00,32.00,0.00,0.00,0.00,0.00,0.00,REJECT,"FALSE_POSITIVE_ARTEFACT"
NONE (ARTEFACT),LIDAR_361,False,0.0000,0.000,0.000,0.000,0.00,591.00,0.00,0.00,0.00,0.00,0.00,REJECT,"FALSE_POSITIVE_ARTEFACT"
NONE (ARTEFACT),LIDAR_362,False,0.0000,0.000,0.000,0.000,0.00,37.00,0.00,0.00,0.00,0.00,0.00,REJECT,"FALSE_POSITIVE_ARTEFACT"
NONE (ARTEFACT),LIDAR_363,False,0.0000,0.000,0.000,0.000,0.00,2488.00,0.00,0.00,0.00,0.00,0.00,REJECT,"FALSE_POSITIVE_ARTEFACT"
NONE (ARTEFACT),LIDAR_364,False,0.0000,0.000,0.000,0.000,0.00,17.00,0.00,0.00,0.00,0.00,0.00,REJECT,"FALSE_POSITIVE_ARTEFACT"
NONE (ARTEFACT),LIDAR_365,False,0.0000,0.000,0.000,0.000,0.00,50.00,0.00,0.00,0.00,0.00,0.00,REJECT,"FALSE_POSITIVE_ARTEFACT"
NONE (ARTEFACT),LIDAR_366,False,0.0000,0.000,0.000,0.000,0.00,27.00,0.00,0.00,0.00,0.00,0.00,REJECT,"FALSE_POSITIVE_ARTEFACT"
NONE (ARTEFACT),LIDAR_367,False,0.0000,0.000,0.000,0.000,0.00,191.00,0.00,0.00,0.00,0.00,0.00,REJECT,"FALSE_POSITIVE_ARTEFACT"
NONE (ARTEFACT),LIDAR_368,False,0.0000,0.000,0.000,0.000,0.00,99.00,0.00,0.00,0.00,0.00,0.00,REJECT,"FALSE_POSITIVE_ARTEFACT"
NONE (ARTEFACT),LIDAR_369,False,0.0000,0.000,0.000,0.000,0.00,19.00,0.00,0.00,0.00,0.00,0.00,REJECT,"FALSE_POSITIVE_ARTEFACT"
NONE (ARTEFACT),LIDAR_370,False,0.0000,0.000,0.000,0.000,0.00,20.00,0.00,0.00,0.00,0.00,0.00,REJECT,"FALSE_POSITIVE_ARTEFACT"
NONE (ARTEFACT),LIDAR_371,False,0.0000,0.000,0.000,0.000,0.00,289.00,0.00,0.00,0.00,0.00,0.00,REJECT,"FALSE_POSITIVE_ARTEFACT"
NONE (ARTEFACT),LIDAR_372,False,0.0000,0.000,0.000,0.000,0.00,22.00,0.00,0.00,0.00,0.00,0.00,REJECT,"FALSE_POSITIVE_ARTEFACT"
NONE (ARTEFACT),LIDAR_373,False,0.0000,0.000,0.000,0.000,0.00,43.00,0.00,0.00,0.00,0.00,0.00,REJECT,"FALSE_POSITIVE_ARTEFACT"
NONE (ARTEFACT),LIDAR_374,False,0.0000,0.000,0.000,0.000,0.00,57.00,0.00,0.00,0.00,0.00,0.00,REJECT,"FALSE_POSITIVE_ARTEFACT"
NONE (ARTEFACT),LIDAR_375,False,0.0000,0.000,0.000,0.000,0.00,17.00,0.00,0.00,0.00,0.00,0.00,REJECT,"FALSE_POSITIVE_ARTEFACT"
NONE (ARTEFACT),LIDAR_376,False,0.0000,0.000,0.000,0.000,0.00,37.00,0.00,0.00,0.00,0.00,0.00,REJECT,"FALSE_POSITIVE_ARTEFACT"
NONE (ARTEFACT),LIDAR_377,False,0.0000,0.000,0.000,0.000,0.00,70.00,0.00,0.00,0.00,0.00,0.00,REJECT,"FALSE_POSITIVE_ARTEFACT"
NONE (ARTEFACT),LIDAR_378,False,0.0000,0.000,0.000,0.000,0.00,132.00,0.00,0.00,0.00,0.00,0.00,REJECT,"FALSE_POSITIVE_ARTEFACT"
NONE (ARTEFACT),LIDAR_379,False,0.0000,0.000,0.000,0.000,0.00,21.00,0.00,0.00,0.00,0.00,0.00,REJECT,"FALSE_POSITIVE_ARTEFACT"
NONE (ARTEFACT),LIDAR_380,False,0.0000,0.000,0.000,0.000,0.00,38.00,0.00,0.00,0.00,0.00,0.00,REJECT,"FALSE_POSITIVE_ARTEFACT"
NONE (ARTEFACT),LIDAR_381,False,0.0000,0.000,0.000,0.000,0.00,20.00,0.00,0.00,0.00,0.00,0.00,REJECT,"FALSE_POSITIVE_ARTEFACT"
NONE (ARTEFACT),LIDAR_382,False,0.0000,0.000,0.000,0.000,0.00,17.00,0.00,0.00,0.00,0.00,0.00,REJECT,"FALSE_POSITIVE_ARTEFACT"
NONE (ARTEFACT),LIDAR_383,False,0.0000,0.000,0.000,0.000,0.00,25.00,0.00,0.00,0.00,0.00,0.00,REJECT,"FALSE_POSITIVE_ARTEFACT"
NONE (ARTEFACT),LIDAR_384,False,0.0000,0.000,0.000,0.000,0.00,363.00,0.00,0.00,0.00,0.00,0.00,REJECT,"FALSE_POSITIVE_ARTEFACT"
NONE (ARTEFACT),LIDAR_385,False,0.0000,0.000,0.000,0.000,0.00,17.00,0.00,0.00,0.00,0.00,0.00,REJECT,"FALSE_POSITIVE_ARTEFACT"
NONE (ARTEFACT),LIDAR_386,False,0.0000,0.000,0.000,0.000,0.00,82.00,0.00,0.00,0.00,0.00,0.00,REJECT,"FALSE_POSITIVE_ARTEFACT"
NONE (ARTEFACT),LIDAR_387,False,0.0000,0.000,0.000,0.000,0.00,24.00,0.00,0.00,0.00,0.00,0.00,REJECT,"FALSE_POSITIVE_ARTEFACT"
NONE (ARTEFACT),LIDAR_388,False,0.0000,0.000,0.000,0.000,0.00,460.00,0.00,0.00,0.00,0.00,0.00,REJECT,"FALSE_POSITIVE_ARTEFACT"
NONE (ARTEFACT),LIDAR_389,False,0.0000,0.000,0.000,0.000,0.00,19.00,0.00,0.00,0.00,0.00,0.00,REJECT,"FALSE_POSITIVE_ARTEFACT"
NONE (ARTEFACT),LIDAR_390,False,0.0000,0.000,0.000,0.000,0.00,144.00,0.00,0.00,0.00,0.00,0.00,REJECT,"FALSE_POSITIVE_ARTEFACT"
NONE (ARTEFACT),LIDAR_391,False,0.0000,0.000,0.000,0.000,0.00,124.00,0.00,0.00,0.00,0.00,0.00,REJECT,"FALSE_POSITIVE_ARTEFACT"
NONE (ARTEFACT),LIDAR_392,False,0.0000,0.000,0.000,0.000,0.00,20.00,0.00,0.00,0.00,0.00,0.00,REJECT,"FALSE_POSITIVE_ARTEFACT"
NONE (ARTEFACT),LIDAR_393,False,0.0000,0.000,0.000,0.000,0.00,30.00,0.00,0.00,0.00,0.00,0.00,REJECT,"FALSE_POSITIVE_ARTEFACT"
NONE (ARTEFACT),LIDAR_394,False,0.0000,0.000,0.000,0.000,0.00,28.00,0.00,0.00,0.00,0.00,0.00,REJECT,"FALSE_POSITIVE_ARTEFACT"
NONE (ARTEFACT),LIDAR_395,False,0.0000,0.000,0.000,0.000,0.00,50.00,0.00,0.00,0.00,0.00,0.00,REJECT,"FALSE_POSITIVE_ARTEFACT"
NONE (ARTEFACT),LIDAR_396,False,0.0000,0.000,0.000,0.000,0.00,101.00,0.00,0.00,0.00,0.00,0.00,REJECT,"FALSE_POSITIVE_ARTEFACT"
NONE (ARTEFACT),LIDAR_397,False,0.0000,0.000,0.000,0.000,0.00,37.00,0.00,0.00,0.00,0.00,0.00,REJECT,"FALSE_POSITIVE_ARTEFACT"
NONE (ARTEFACT),LIDAR_398,False,0.0000,0.000,0.000,0.000,0.00,75.00,0.00,0.00,0.00,0.00,0.00,REJECT,"FALSE_POSITIVE_ARTEFACT"
NONE (ARTEFACT),LIDAR_399,False,0.0000,0.000,0.000,0.000,0.00,556.00,0.00,0.00,0.00,0.00,0.00,REJECT,"FALSE_POSITIVE_ARTEFACT"
NONE (ARTEFACT),LIDAR_400,False,0.0000,0.000,0.000,0.000,0.00,1540.00,0.00,0.00,0.00,0.00,0.00,REJECT,"FALSE_POSITIVE_ARTEFACT"
NONE (ARTEFACT),LIDAR_401,False,0.0000,0.000,0.000,0.000,0.00,1118.00,0.00,0.00,0.00,0.00,0.00,REJECT,"FALSE_POSITIVE_ARTEFACT"
NONE (ARTEFACT),LIDAR_402,False,0.0000,0.000,0.000,0.000,0.00,55.00,0.00,0.00,0.00,0.00,0.00,REJECT,"FALSE_POSITIVE_ARTEFACT"
NONE (ARTEFACT),LIDAR_403,False,0.0000,0.000,0.000,0.000,0.00,271.00,0.00,0.00,0.00,0.00,0.00,REJECT,"FALSE_POSITIVE_ARTEFACT"
NONE (ARTEFACT),LIDAR_404,False,0.0000,0.000,0.000,0.000,0.00,383.00,0.00,0.00,0.00,0.00,0.00,REJECT,"FALSE_POSITIVE_ARTEFACT"
NONE (ARTEFACT),LIDAR_405,False,0.0000,0.000,0.000,0.000,0.00,18.00,0.00,0.00,0.00,0.00,0.00,REJECT,"FALSE_POSITIVE_ARTEFACT"
NONE (ARTEFACT),LIDAR_406,False,0.0000,0.000,0.000,0.000,0.00,16.00,0.00,0.00,0.00,0.00,0.00,REJECT,"FALSE_POSITIVE_ARTEFACT"
NONE (ARTEFACT),LIDAR_407,False,0.0000,0.000,0.000,0.000,0.00,96.00,0.00,0.00,0.00,0.00,0.00,REJECT,"FALSE_POSITIVE_ARTEFACT"
NONE (ARTEFACT),LIDAR_408,False,0.0000,0.000,0.000,0.000,0.00,3210.00,0.00,0.00,0.00,0.00,0.00,REJECT,"FALSE_POSITIVE_ARTEFACT"
NONE (ARTEFACT),LIDAR_409,False,0.0000,0.000,0.000,0.000,0.00,15.00,0.00,0.00,0.00,0.00,0.00,REJECT,"FALSE_POSITIVE_ARTEFACT"
NONE (ARTEFACT),LIDAR_410,False,0.0000,0.000,0.000,0.000,0.00,31.00,0.00,0.00,0.00,0.00,0.00,REJECT,"FALSE_POSITIVE_ARTEFACT"
NONE (ARTEFACT),LIDAR_411,False,0.0000,0.000,0.000,0.000,0.00,51.00,0.00,0.00,0.00,0.00,0.00,REJECT,"FALSE_POSITIVE_ARTEFACT"
NONE (ARTEFACT),LIDAR_412,False,0.0000,0.000,0.000,0.000,0.00,258.00,0.00,0.00,0.00,0.00,0.00,REJECT,"FALSE_POSITIVE_ARTEFACT"
NONE (ARTEFACT),LIDAR_413,False,0.0000,0.000,0.000,0.000,0.00,25.00,0.00,0.00,0.00,0.00,0.00,REJECT,"FALSE_POSITIVE_ARTEFACT"
NONE (ARTEFACT),LIDAR_414,False,0.0000,0.000,0.000,0.000,0.00,20.00,0.00,0.00,0.00,0.00,0.00,REJECT,"FALSE_POSITIVE_ARTEFACT"
NONE (ARTEFACT),LIDAR_415,False,0.0000,0.000,0.000,0.000,0.00,49.00,0.00,0.00,0.00,0.00,0.00,REJECT,"FALSE_POSITIVE_ARTEFACT"
NONE (ARTEFACT),LIDAR_416,False,0.0000,0.000,0.000,0.000,0.00,31.00,0.00,0.00,0.00,0.00,0.00,REJECT,"FALSE_POSITIVE_ARTEFACT"
NONE (ARTEFACT),LIDAR_417,False,0.0000,0.000,0.000,0.000,0.00,27.00,0.00,0.00,0.00,0.00,0.00,REJECT,"FALSE_POSITIVE_ARTEFACT"
NONE (ARTEFACT),LIDAR_418,False,0.0000,0.000,0.000,0.000,0.00,24.00,0.00,0.00,0.00,0.00,0.00,REJECT,"FALSE_POSITIVE_ARTEFACT"
NONE (ARTEFACT),LIDAR_419,False,0.0000,0.000,0.000,0.000,0.00,15.00,0.00,0.00,0.00,0.00,0.00,REJECT,"FALSE_POSITIVE_ARTEFACT"
NONE (ARTEFACT),LIDAR_420,False,0.0000,0.000,0.000,0.000,0.00,169.00,0.00,0.00,0.00,0.00,0.00,REJECT,"FALSE_POSITIVE_ARTEFACT"
NONE (ARTEFACT),LIDAR_421,False,0.0000,0.000,0.000,0.000,0.00,191.00,0.00,0.00,0.00,0.00,0.00,REJECT,"FALSE_POSITIVE_ARTEFACT"
NONE (ARTEFACT),LIDAR_422,False,0.0000,0.000,0.000,0.000,0.00,28.00,0.00,0.00,0.00,0.00,0.00,REJECT,"FALSE_POSITIVE_ARTEFACT"
NONE (ARTEFACT),LIDAR_423,False,0.0000,0.000,0.000,0.000,0.00,17.00,0.00,0.00,0.00,0.00,0.00,REJECT,"FALSE_POSITIVE_ARTEFACT"
NONE (ARTEFACT),LIDAR_424,False,0.0000,0.000,0.000,0.000,0.00,1176.00,0.00,0.00,0.00,0.00,0.00,REJECT,"FALSE_POSITIVE_ARTEFACT"
NONE (ARTEFACT),LIDAR_425,False,0.0000,0.000,0.000,0.000,0.00,21.00,0.00,0.00,0.00,0.00,0.00,REJECT,"FALSE_POSITIVE_ARTEFACT"
NONE (ARTEFACT),LIDAR_426,False,0.0000,0.000,0.000,0.000,0.00,376.00,0.00,0.00,0.00,0.00,0.00,REJECT,"FALSE_POSITIVE_ARTEFACT"
NONE (ARTEFACT),LIDAR_427,False,0.0000,0.000,0.000,0.000,0.00,45.00,0.00,0.00,0.00,0.00,0.00,REJECT,"FALSE_POSITIVE_ARTEFACT"
NONE (ARTEFACT),LIDAR_428,False,0.0000,0.000,0.000,0.000,0.00,20.00,0.00,0.00,0.00,0.00,0.00,REJECT,"FALSE_POSITIVE_ARTEFACT"
NONE (ARTEFACT),LIDAR_429,False,0.0000,0.000,0.000,0.000,0.00,25.00,0.00,0.00,0.00,0.00,0.00,REJECT,"FALSE_POSITIVE_ARTEFACT"
NONE (ARTEFACT),LIDAR_430,False,0.0000,0.000,0.000,0.000,0.00,60.00,0.00,0.00,0.00,0.00,0.00,REJECT,"FALSE_POSITIVE_ARTEFACT"
NONE (ARTEFACT),LIDAR_431,False,0.0000,0.000,0.000,0.000,0.00,21.00,0.00,0.00,0.00,0.00,0.00,REJECT,"FALSE_POSITIVE_ARTEFACT"
NONE (ARTEFACT),LIDAR_432,False,0.0000,0.000,0.000,0.000,0.00,271.00,0.00,0.00,0.00,0.00,0.00,REJECT,"FALSE_POSITIVE_ARTEFACT"
NONE (ARTEFACT),LIDAR_433,False,0.0000,0.000,0.000,0.000,0.00,104.00,0.00,0.00,0.00,0.00,0.00,REJECT,"FALSE_POSITIVE_ARTEFACT"
NONE (ARTEFACT),LIDAR_434,False,0.0000,0.000,0.000,0.000,0.00,365.00,0.00,0.00,0.00,0.00,0.00,REJECT,"FALSE_POSITIVE_ARTEFACT"
NONE (ARTEFACT),LIDAR_435,False,0.0000,0.000,0.000,0.000,0.00,2114.00,0.00,0.00,0.00,0.00,0.00,REJECT,"FALSE_POSITIVE_ARTEFACT"
NONE (ARTEFACT),LIDAR_436,False,0.0000,0.000,0.000,0.000,0.00,187.00,0.00,0.00,0.00,0.00,0.00,REJECT,"FALSE_POSITIVE_ARTEFACT"
NONE (ARTEFACT),LIDAR_437,False,0.0000,0.000,0.000,0.000,0.00,160.00,0.00,0.00,0.00,0.00,0.00,REJECT,"FALSE_POSITIVE_ARTEFACT"
NONE (ARTEFACT),LIDAR_438,False,0.0000,0.000,0.000,0.000,0.00,76.00,0.00,0.00,0.00,0.00,0.00,REJECT,"FALSE_POSITIVE_ARTEFACT"
NONE (ARTEFACT),LIDAR_439,False,0.0000,0.000,0.000,0.000,0.00,36.00,0.00,0.00,0.00,0.00,0.00,REJECT,"FALSE_POSITIVE_ARTEFACT"
NONE (ARTEFACT),LIDAR_440,False,0.0000,0.000,0.000,0.000,0.00,87.00,0.00,0.00,0.00,0.00,0.00,REJECT,"FALSE_POSITIVE_ARTEFACT"
NONE (ARTEFACT),LIDAR_441,False,0.0000,0.000,0.000,0.000,0.00,89.00,0.00,0.00,0.00,0.00,0.00,REJECT,"FALSE_POSITIVE_ARTEFACT"
NONE (ARTEFACT),LIDAR_442,False,0.0000,0.000,0.000,0.000,0.00,17.00,0.00,0.00,0.00,0.00,0.00,REJECT,"FALSE_POSITIVE_ARTEFACT"
NONE (ARTEFACT),LIDAR_443,False,0.0000,0.000,0.000,0.000,0.00,175.00,0.00,0.00,0.00,0.00,0.00,REJECT,"FALSE_POSITIVE_ARTEFACT"
NONE (ARTEFACT),LIDAR_444,False,0.0000,0.000,0.000,0.000,0.00,166.00,0.00,0.00,0.00,0.00,0.00,REJECT,"FALSE_POSITIVE_ARTEFACT"
NONE (ARTEFACT),LIDAR_445,False,0.0000,0.000,0.000,0.000,0.00,118.00,0.00,0.00,0.00,0.00,0.00,REJECT,"FALSE_POSITIVE_ARTEFACT"
NONE (ARTEFACT),LIDAR_446,False,0.0000,0.000,0.000,0.000,0.00,26.00,0.00,0.00,0.00,0.00,0.00,REJECT,"FALSE_POSITIVE_ARTEFACT"
NONE (ARTEFACT),LIDAR_447,False,0.0000,0.000,0.000,0.000,0.00,212.00,0.00,0.00,0.00,0.00,0.00,REJECT,"FALSE_POSITIVE_ARTEFACT"
NONE (ARTEFACT),LIDAR_448,False,0.0000,0.000,0.000,0.000,0.00,87.00,0.00,0.00,0.00,0.00,0.00,REJECT,"FALSE_POSITIVE_ARTEFACT"
NONE (ARTEFACT),LIDAR_449,False,0.0000,0.000,0.000,0.000,0.00,31.00,0.00,0.00,0.00,0.00,0.00,REJECT,"FALSE_POSITIVE_ARTEFACT"
NONE (ARTEFACT),LIDAR_450,False,0.0000,0.000,0.000,0.000,0.00,1628.00,0.00,0.00,0.00,0.00,0.00,REJECT,"FALSE_POSITIVE_ARTEFACT"
NONE (ARTEFACT),LIDAR_451,False,0.0000,0.000,0.000,0.000,0.00,65.00,0.00,0.00,0.00,0.00,0.00,REJECT,"FALSE_POSITIVE_ARTEFACT"
NONE (ARTEFACT),LIDAR_452,False,0.0000,0.000,0.000,0.000,0.00,11332.00,0.00,0.00,0.00,0.00,0.00,REJECT,"FALSE_POSITIVE_ARTEFACT"
NONE (ARTEFACT),LIDAR_453,False,0.0000,0.000,0.000,0.000,0.00,18.00,0.00,0.00,0.00,0.00,0.00,REJECT,"FALSE_POSITIVE_ARTEFACT"
NONE (ARTEFACT),LIDAR_454,False,0.0000,0.000,0.000,0.000,0.00,188.00,0.00,0.00,0.00,0.00,0.00,REJECT,"FALSE_POSITIVE_ARTEFACT"
NONE (ARTEFACT),LIDAR_455,False,0.0000,0.000,0.000,0.000,0.00,15.00,0.00,0.00,0.00,0.00,0.00,REJECT,"FALSE_POSITIVE_ARTEFACT"
NONE (ARTEFACT),LIDAR_456,False,0.0000,0.000,0.000,0.000,0.00,19.00,0.00,0.00,0.00,0.00,0.00,REJECT,"FALSE_POSITIVE_ARTEFACT"
NONE (ARTEFACT),LIDAR_457,False,0.0000,0.000,0.000,0.000,0.00,1407.00,0.00,0.00,0.00,0.00,0.00,REJECT,"FALSE_POSITIVE_ARTEFACT"
NONE (ARTEFACT),LIDAR_458,False,0.0000,0.000,0.000,0.000,0.00,21.00,0.00,0.00,0.00,0.00,0.00,REJECT,"FALSE_POSITIVE_ARTEFACT"
NONE (ARTEFACT),LIDAR_459,False,0.0000,0.000,0.000,0.000,0.00,55.00,0.00,0.00,0.00,0.00,0.00,REJECT,"FALSE_POSITIVE_ARTEFACT"
NONE (ARTEFACT),LIDAR_460,False,0.0000,0.000,0.000,0.000,0.00,181.00,0.00,0.00,0.00,0.00,0.00,REJECT,"FALSE_POSITIVE_ARTEFACT"
NONE (ARTEFACT),LIDAR_461,False,0.0000,0.000,0.000,0.000,0.00,42.00,0.00,0.00,0.00,0.00,0.00,REJECT,"FALSE_POSITIVE_ARTEFACT"
NONE (ARTEFACT),LIDAR_462,False,0.0000,0.000,0.000,0.000,0.00,27.00,0.00,0.00,0.00,0.00,0.00,REJECT,"FALSE_POSITIVE_ARTEFACT"
NONE (ARTEFACT),LIDAR_463,False,0.0000,0.000,0.000,0.000,0.00,54.00,0.00,0.00,0.00,0.00,0.00,REJECT,"FALSE_POSITIVE_ARTEFACT"
NONE (ARTEFACT),LIDAR_464,False,0.0000,0.000,0.000,0.000,0.00,42.00,0.00,0.00,0.00,0.00,0.00,REJECT,"FALSE_POSITIVE_ARTEFACT"
NONE (ARTEFACT),LIDAR_465,False,0.0000,0.000,0.000,0.000,0.00,653.00,0.00,0.00,0.00,0.00,0.00,REJECT,"FALSE_POSITIVE_ARTEFACT"
NONE (ARTEFACT),LIDAR_466,False,0.0000,0.000,0.000,0.000,0.00,245.00,0.00,0.00,0.00,0.00,0.00,REJECT,"FALSE_POSITIVE_ARTEFACT"
NONE (ARTEFACT),LIDAR_467,False,0.0000,0.000,0.000,0.000,0.00,62.00,0.00,0.00,0.00,0.00,0.00,REJECT,"FALSE_POSITIVE_ARTEFACT"
NONE (ARTEFACT),LIDAR_468,False,0.0000,0.000,0.000,0.000,0.00,50.00,0.00,0.00,0.00,0.00,0.00,REJECT,"FALSE_POSITIVE_ARTEFACT"
NONE (ARTEFACT),LIDAR_469,False,0.0000,0.000,0.000,0.000,0.00,1288.00,0.00,0.00,0.00,0.00,0.00,REJECT,"FALSE_POSITIVE_ARTEFACT"
NONE (ARTEFACT),LIDAR_470,False,0.0000,0.000,0.000,0.000,0.00,1186.00,0.00,0.00,0.00,0.00,0.00,REJECT,"FALSE_POSITIVE_ARTEFACT"
NONE (ARTEFACT),LIDAR_471,False,0.0000,0.000,0.000,0.000,0.00,151.00,0.00,0.00,0.00,0.00,0.00,REJECT,"FALSE_POSITIVE_ARTEFACT"
NONE (ARTEFACT),LIDAR_472,False,0.0000,0.000,0.000,0.000,0.00,21.00,0.00,0.00,0.00,0.00,0.00,REJECT,"FALSE_POSITIVE_ARTEFACT"
NONE (ARTEFACT),LIDAR_473,False,0.0000,0.000,0.000,0.000,0.00,33.00,0.00,0.00,0.00,0.00,0.00,REJECT,"FALSE_POSITIVE_ARTEFACT"
NONE (ARTEFACT),LIDAR_474,False,0.0000,0.000,0.000,0.000,0.00,150.00,0.00,0.00,0.00,0.00,0.00,REJECT,"FALSE_POSITIVE_ARTEFACT"
NONE (ARTEFACT),LIDAR_475,False,0.0000,0.000,0.000,0.000,0.00,267.00,0.00,0.00,0.00,0.00,0.00,REJECT,"FALSE_POSITIVE_ARTEFACT"
NONE (ARTEFACT),LIDAR_476,False,0.0000,0.000,0.000,0.000,0.00,21.00,0.00,0.00,0.00,0.00,0.00,REJECT,"FALSE_POSITIVE_ARTEFACT"
NONE (ARTEFACT),LIDAR_477,False,0.0000,0.000,0.000,0.000,0.00,17.00,0.00,0.00,0.00,0.00,0.00,REJECT,"FALSE_POSITIVE_ARTEFACT"
NONE (ARTEFACT),LIDAR_478,False,0.0000,0.000,0.000,0.000,0.00,24.00,0.00,0.00,0.00,0.00,0.00,REJECT,"FALSE_POSITIVE_ARTEFACT"
NONE (ARTEFACT),LIDAR_479,False,0.0000,0.000,0.000,0.000,0.00,977.00,0.00,0.00,0.00,0.00,0.00,REJECT,"FALSE_POSITIVE_ARTEFACT"
NONE (ARTEFACT),LIDAR_480,False,0.0000,0.000,0.000,0.000,0.00,17.00,0.00,0.00,0.00,0.00,0.00,REJECT,"FALSE_POSITIVE_ARTEFACT"
NONE (ARTEFACT),LIDAR_481,False,0.0000,0.000,0.000,0.000,0.00,19.00,0.00,0.00,0.00,0.00,0.00,REJECT,"FALSE_POSITIVE_ARTEFACT"
NONE (ARTEFACT),LIDAR_482,False,0.0000,0.000,0.000,0.000,0.00,18.00,0.00,0.00,0.00,0.00,0.00,REJECT,"FALSE_POSITIVE_ARTEFACT"
NONE (ARTEFACT),LIDAR_483,False,0.0000,0.000,0.000,0.000,0.00,63.00,0.00,0.00,0.00,0.00,0.00,REJECT,"FALSE_POSITIVE_ARTEFACT"
NONE (ARTEFACT),LIDAR_484,False,0.0000,0.000,0.000,0.000,0.00,27.00,0.00,0.00,0.00,0.00,0.00,REJECT,"FALSE_POSITIVE_ARTEFACT"
NONE (ARTEFACT),LIDAR_485,False,0.0000,0.000,0.000,0.000,0.00,1143.00,0.00,0.00,0.00,0.00,0.00,REJECT,"FALSE_POSITIVE_ARTEFACT"
NONE (ARTEFACT),LIDAR_486,False,0.0000,0.000,0.000,0.000,0.00,66.00,0.00,0.00,0.00,0.00,0.00,REJECT,"FALSE_POSITIVE_ARTEFACT"
NONE (ARTEFACT),LIDAR_487,False,0.0000,0.000,0.000,0.000,0.00,23.00,0.00,0.00,0.00,0.00,0.00,REJECT,"FALSE_POSITIVE_ARTEFACT"
NONE (ARTEFACT),LIDAR_488,False,0.0000,0.000,0.000,0.000,0.00,21.00,0.00,0.00,0.00,0.00,0.00,REJECT,"FALSE_POSITIVE_ARTEFACT"
NONE (ARTEFACT),LIDAR_489,False,0.0000,0.000,0.000,0.000,0.00,117.00,0.00,0.00,0.00,0.00,0.00,REJECT,"FALSE_POSITIVE_ARTEFACT"
NONE (ARTEFACT),LIDAR_490,False,0.0000,0.000,0.000,0.000,0.00,16.00,0.00,0.00,0.00,0.00,0.00,REJECT,"FALSE_POSITIVE_ARTEFACT"
NONE (ARTEFACT),LIDAR_491,False,0.0000,0.000,0.000,0.000,0.00,132.00,0.00,0.00,0.00,0.00,0.00,REJECT,"FALSE_POSITIVE_ARTEFACT"
NONE (ARTEFACT),LIDAR_492,False,0.0000,0.000,0.000,0.000,0.00,46.00,0.00,0.00,0.00,0.00,0.00,REJECT,"FALSE_POSITIVE_ARTEFACT"
NONE (ARTEFACT),LIDAR_493,False,0.0000,0.000,0.000,0.000,0.00,34491.00,0.00,0.00,0.00,0.00,0.00,REJECT,"FALSE_POSITIVE_ARTEFACT"
NONE (ARTEFACT),LIDAR_494,False,0.0000,0.000,0.000,0.000,0.00,76.00,0.00,0.00,0.00,0.00,0.00,REJECT,"FALSE_POSITIVE_ARTEFACT"
NONE (ARTEFACT),LIDAR_495,False,0.0000,0.000,0.000,0.000,0.00,1641.00,0.00,0.00,0.00,0.00,0.00,REJECT,"FALSE_POSITIVE_ARTEFACT"
NONE (ARTEFACT),LIDAR_496,False,0.0000,0.000,0.000,0.000,0.00,40.00,0.00,0.00,0.00,0.00,0.00,REJECT,"FALSE_POSITIVE_ARTEFACT"
NONE (ARTEFACT),LIDAR_497,False,0.0000,0.000,0.000,0.000,0.00,28.00,0.00,0.00,0.00,0.00,0.00,REJECT,"FALSE_POSITIVE_ARTEFACT"
NONE (ARTEFACT),LIDAR_498,False,0.0000,0.000,0.000,0.000,0.00,40.00,0.00,0.00,0.00,0.00,0.00,REJECT,"FALSE_POSITIVE_ARTEFACT"
NONE (ARTEFACT),LIDAR_499,False,0.0000,0.000,0.000,0.000,0.00,28.00,0.00,0.00,0.00,0.00,0.00,REJECT,"FALSE_POSITIVE_ARTEFACT"
NONE (ARTEFACT),LIDAR_500,False,0.0000,0.000,0.000,0.000,0.00,35.00,0.00,0.00,0.00,0.00,0.00,REJECT,"FALSE_POSITIVE_ARTEFACT"
NONE (ARTEFACT),LIDAR_501,False,0.0000,0.000,0.000,0.000,0.00,17.00,0.00,0.00,0.00,0.00,0.00,REJECT,"FALSE_POSITIVE_ARTEFACT"
NONE (ARTEFACT),LIDAR_502,False,0.0000,0.000,0.000,0.000,0.00,21.00,0.00,0.00,0.00,0.00,0.00,REJECT,"FALSE_POSITIVE_ARTEFACT"
NONE (ARTEFACT),LIDAR_503,False,0.0000,0.000,0.000,0.000,0.00,35.00,0.00,0.00,0.00,0.00,0.00,REJECT,"FALSE_POSITIVE_ARTEFACT"
NONE (ARTEFACT),LIDAR_504,False,0.0000,0.000,0.000,0.000,0.00,809.00,0.00,0.00,0.00,0.00,0.00,REJECT,"FALSE_POSITIVE_ARTEFACT"
NONE (ARTEFACT),LIDAR_505,False,0.0000,0.000,0.000,0.000,0.00,43.00,0.00,0.00,0.00,0.00,0.00,REJECT,"FALSE_POSITIVE_ARTEFACT"
NONE (ARTEFACT),LIDAR_506,False,0.0000,0.000,0.000,0.000,0.00,19.00,0.00,0.00,0.00,0.00,0.00,REJECT,"FALSE_POSITIVE_ARTEFACT"
NONE (ARTEFACT),LIDAR_507,False,0.0000,0.000,0.000,0.000,0.00,33.00,0.00,0.00,0.00,0.00,0.00,REJECT,"FALSE_POSITIVE_ARTEFACT"
NONE (ARTEFACT),LIDAR_508,False,0.0000,0.000,0.000,0.000,0.00,52.00,0.00,0.00,0.00,0.00,0.00,REJECT,"FALSE_POSITIVE_ARTEFACT"
NONE (ARTEFACT),LIDAR_509,False,0.0000,0.000,0.000,0.000,0.00,2995.00,0.00,0.00,0.00,0.00,0.00,REJECT,"FALSE_POSITIVE_ARTEFACT"
NONE (ARTEFACT),LIDAR_510,False,0.0000,0.000,0.000,0.000,0.00,191.00,0.00,0.00,0.00,0.00,0.00,REJECT,"FALSE_POSITIVE_ARTEFACT"
NONE (ARTEFACT),LIDAR_511,False,0.0000,0.000,0.000,0.000,0.00,885.00,0.00,0.00,0.00,0.00,0.00,REJECT,"FALSE_POSITIVE_ARTEFACT"
NONE (ARTEFACT),LIDAR_512,False,0.0000,0.000,0.000,0.000,0.00,20.00,0.00,0.00,0.00,0.00,0.00,REJECT,"FALSE_POSITIVE_ARTEFACT"
NONE (ARTEFACT),LIDAR_513,False,0.0000,0.000,0.000,0.000,0.00,24.00,0.00,0.00,0.00,0.00,0.00,REJECT,"FALSE_POSITIVE_ARTEFACT"
NONE (ARTEFACT),LIDAR_514,False,0.0000,0.000,0.000,0.000,0.00,32.00,0.00,0.00,0.00,0.00,0.00,REJECT,"FALSE_POSITIVE_ARTEFACT"
NONE (ARTEFACT),LIDAR_515,False,0.0000,0.000,0.000,0.000,0.00,60.00,0.00,0.00,0.00,0.00,0.00,REJECT,"FALSE_POSITIVE_ARTEFACT"
NONE (ARTEFACT),LIDAR_516,False,0.0000,0.000,0.000,0.000,0.00,202.00,0.00,0.00,0.00,0.00,0.00,REJECT,"FALSE_POSITIVE_ARTEFACT"
NONE (ARTEFACT),LIDAR_517,False,0.0000,0.000,0.000,0.000,0.00,73.00,0.00,0.00,0.00,0.00,0.00,REJECT,"FALSE_POSITIVE_ARTEFACT"
NONE (ARTEFACT),LIDAR_518,False,0.0000,0.000,0.000,0.000,0.00,2788.00,0.00,0.00,0.00,0.00,0.00,REJECT,"FALSE_POSITIVE_ARTEFACT"
NONE (ARTEFACT),LIDAR_519,False,0.0000,0.000,0.000,0.000,0.00,30.00,0.00,0.00,0.00,0.00,0.00,REJECT,"FALSE_POSITIVE_ARTEFACT"
NONE (ARTEFACT),LIDAR_520,False,0.0000,0.000,0.000,0.000,0.00,1609.00,0.00,0.00,0.00,0.00,0.00,REJECT,"FALSE_POSITIVE_ARTEFACT"
NONE (ARTEFACT),LIDAR_521,False,0.0000,0.000,0.000,0.000,0.00,27.00,0.00,0.00,0.00,0.00,0.00,REJECT,"FALSE_POSITIVE_ARTEFACT"
NONE (ARTEFACT),LIDAR_522,False,0.0000,0.000,0.000,0.000,0.00,1109.00,0.00,0.00,0.00,0.00,0.00,REJECT,"FALSE_POSITIVE_ARTEFACT"
NONE (ARTEFACT),LIDAR_523,False,0.0000,0.000,0.000,0.000,0.00,97.00,0.00,0.00,0.00,0.00,0.00,REJECT,"FALSE_POSITIVE_ARTEFACT"
NONE (ARTEFACT),LIDAR_524,False,0.0000,0.000,0.000,0.000,0.00,140.00,0.00,0.00,0.00,0.00,0.00,REJECT,"FALSE_POSITIVE_ARTEFACT"
NONE (ARTEFACT),LIDAR_525,False,0.0000,0.000,0.000,0.000,0.00,210.00,0.00,0.00,0.00,0.00,0.00,REJECT,"FALSE_POSITIVE_ARTEFACT"
NONE (ARTEFACT),LIDAR_526,False,0.0000,0.000,0.000,0.000,0.00,15.00,0.00,0.00,0.00,0.00,0.00,REJECT,"FALSE_POSITIVE_ARTEFACT"
NONE (ARTEFACT),LIDAR_527,False,0.0000,0.000,0.000,0.000,0.00,15.00,0.00,0.00,0.00,0.00,0.00,REJECT,"FALSE_POSITIVE_ARTEFACT"
NONE (ARTEFACT),LIDAR_528,False,0.0000,0.000,0.000,0.000,0.00,49.00,0.00,0.00,0.00,0.00,0.00,REJECT,"FALSE_POSITIVE_ARTEFACT"
NONE (ARTEFACT),LIDAR_529,False,0.0000,0.000,0.000,0.000,0.00,149.00,0.00,0.00,0.00,0.00,0.00,REJECT,"FALSE_POSITIVE_ARTEFACT"
NONE (ARTEFACT),LIDAR_530,False,0.0000,0.000,0.000,0.000,0.00,25.00,0.00,0.00,0.00,0.00,0.00,REJECT,"FALSE_POSITIVE_ARTEFACT"
NONE (ARTEFACT),LIDAR_531,False,0.0000,0.000,0.000,0.000,0.00,31.00,0.00,0.00,0.00,0.00,0.00,REJECT,"FALSE_POSITIVE_ARTEFACT"
NONE (ARTEFACT),LIDAR_532,False,0.0000,0.000,0.000,0.000,0.00,20.00,0.00,0.00,0.00,0.00,0.00,REJECT,"FALSE_POSITIVE_ARTEFACT"
NONE (ARTEFACT),LIDAR_533,False,0.0000,0.000,0.000,0.000,0.00,23.00,0.00,0.00,0.00,0.00,0.00,REJECT,"FALSE_POSITIVE_ARTEFACT"
NONE (ARTEFACT),LIDAR_534,False,0.0000,0.000,0.000,0.000,0.00,2523.00,0.00,0.00,0.00,0.00,0.00,REJECT,"FALSE_POSITIVE_ARTEFACT"
NONE (ARTEFACT),LIDAR_535,False,0.0000,0.000,0.000,0.000,0.00,37.00,0.00,0.00,0.00,0.00,0.00,REJECT,"FALSE_POSITIVE_ARTEFACT"
NONE (ARTEFACT),LIDAR_536,False,0.0000,0.000,0.000,0.000,0.00,95.00,0.00,0.00,0.00,0.00,0.00,REJECT,"FALSE_POSITIVE_ARTEFACT"
NONE (ARTEFACT),LIDAR_537,False,0.0000,0.000,0.000,0.000,0.00,15.00,0.00,0.00,0.00,0.00,0.00,REJECT,"FALSE_POSITIVE_ARTEFACT"
NONE (ARTEFACT),LIDAR_538,False,0.0000,0.000,0.000,0.000,0.00,231.00,0.00,0.00,0.00,0.00,0.00,REJECT,"FALSE_POSITIVE_ARTEFACT"
NONE (ARTEFACT),LIDAR_539,False,0.0000,0.000,0.000,0.000,0.00,1916.00,0.00,0.00,0.00,0.00,0.00,REJECT,"FALSE_POSITIVE_ARTEFACT"
NONE (ARTEFACT),LIDAR_540,False,0.0000,0.000,0.000,0.000,0.00,38.00,0.00,0.00,0.00,0.00,0.00,REJECT,"FALSE_POSITIVE_ARTEFACT"
NONE (ARTEFACT),LIDAR_541,False,0.0000,0.000,0.000,0.000,0.00,117.00,0.00,0.00,0.00,0.00,0.00,REJECT,"FALSE_POSITIVE_ARTEFACT"
NONE (ARTEFACT),LIDAR_542,False,0.0000,0.000,0.000,0.000,0.00,3385.00,0.00,0.00,0.00,0.00,0.00,REJECT,"FALSE_POSITIVE_ARTEFACT"
NONE (ARTEFACT),LIDAR_543,False,0.0000,0.000,0.000,0.000,0.00,17.00,0.00,0.00,0.00,0.00,0.00,REJECT,"FALSE_POSITIVE_ARTEFACT"
NONE (ARTEFACT),LIDAR_544,False,0.0000,0.000,0.000,0.000,0.00,16.00,0.00,0.00,0.00,0.00,0.00,REJECT,"FALSE_POSITIVE_ARTEFACT"
NONE (ARTEFACT),LIDAR_545,False,0.0000,0.000,0.000,0.000,0.00,28.00,0.00,0.00,0.00,0.00,0.00,REJECT,"FALSE_POSITIVE_ARTEFACT"
NONE (ARTEFACT),LIDAR_546,False,0.0000,0.000,0.000,0.000,0.00,33.00,0.00,0.00,0.00,0.00,0.00,REJECT,"FALSE_POSITIVE_ARTEFACT"
NONE (ARTEFACT),LIDAR_547,False,0.0000,0.000,0.000,0.000,0.00,109.00,0.00,0.00,0.00,0.00,0.00,REJECT,"FALSE_POSITIVE_ARTEFACT"
NONE (ARTEFACT),LIDAR_548,False,0.0000,0.000,0.000,0.000,0.00,20.00,0.00,0.00,0.00,0.00,0.00,REJECT,"FALSE_POSITIVE_ARTEFACT"
NONE (ARTEFACT),LIDAR_549,False,0.0000,0.000,0.000,0.000,0.00,22.00,0.00,0.00,0.00,0.00,0.00,REJECT,"FALSE_POSITIVE_ARTEFACT"
NONE (ARTEFACT),LIDAR_550,False,0.0000,0.000,0.000,0.000,0.00,27.00,0.00,0.00,0.00,0.00,0.00,REJECT,"FALSE_POSITIVE_ARTEFACT"
NONE (ARTEFACT),LIDAR_551,False,0.0000,0.000,0.000,0.000,0.00,44.00,0.00,0.00,0.00,0.00,0.00,REJECT,"FALSE_POSITIVE_ARTEFACT"
NONE (ARTEFACT),LIDAR_552,False,0.0000,0.000,0.000,0.000,0.00,54.00,0.00,0.00,0.00,0.00,0.00,REJECT,"FALSE_POSITIVE_ARTEFACT"
NONE (ARTEFACT),LIDAR_553,False,0.0000,0.000,0.000,0.000,0.00,1451.00,0.00,0.00,0.00,0.00,0.00,REJECT,"FALSE_POSITIVE_ARTEFACT"
NONE (ARTEFACT),LIDAR_554,False,0.0000,0.000,0.000,0.000,0.00,3733.00,0.00,0.00,0.00,0.00,0.00,REJECT,"FALSE_POSITIVE_ARTEFACT"
NONE (ARTEFACT),LIDAR_555,False,0.0000,0.000,0.000,0.000,0.00,19.00,0.00,0.00,0.00,0.00,0.00,REJECT,"FALSE_POSITIVE_ARTEFACT"
NONE (ARTEFACT),LIDAR_556,False,0.0000,0.000,0.000,0.000,0.00,54.00,0.00,0.00,0.00,0.00,0.00,REJECT,"FALSE_POSITIVE_ARTEFACT"
NONE (ARTEFACT),LIDAR_557,False,0.0000,0.000,0.000,0.000,0.00,1890.00,0.00,0.00,0.00,0.00,0.00,REJECT,"FALSE_POSITIVE_ARTEFACT"
NONE (ARTEFACT),LIDAR_558,False,0.0000,0.000,0.000,0.000,0.00,15.00,0.00,0.00,0.00,0.00,0.00,REJECT,"FALSE_POSITIVE_ARTEFACT"
NONE (ARTEFACT),LIDAR_559,False,0.0000,0.000,0.000,0.000,0.00,38.00,0.00,0.00,0.00,0.00,0.00,REJECT,"FALSE_POSITIVE_ARTEFACT"
NONE (ARTEFACT),LIDAR_560,False,0.0000,0.000,0.000,0.000,0.00,583.00,0.00,0.00,0.00,0.00,0.00,REJECT,"FALSE_POSITIVE_ARTEFACT"
NONE (ARTEFACT),LIDAR_561,False,0.0000,0.000,0.000,0.000,0.00,1709.00,0.00,0.00,0.00,0.00,0.00,REJECT,"FALSE_POSITIVE_ARTEFACT"
NONE (ARTEFACT),LIDAR_562,False,0.0000,0.000,0.000,0.000,0.00,1061.00,0.00,0.00,0.00,0.00,0.00,REJECT,"FALSE_POSITIVE_ARTEFACT"
NONE (ARTEFACT),LIDAR_563,False,0.0000,0.000,0.000,0.000,0.00,409.00,0.00,0.00,0.00,0.00,0.00,REJECT,"FALSE_POSITIVE_ARTEFACT"
NONE (ARTEFACT),LIDAR_564,False,0.0000,0.000,0.000,0.000,0.00,174.00,0.00,0.00,0.00,0.00,0.00,REJECT,"FALSE_POSITIVE_ARTEFACT"
NONE (ARTEFACT),LIDAR_565,False,0.0000,0.000,0.000,0.000,0.00,343.00,0.00,0.00,0.00,0.00,0.00,REJECT,"FALSE_POSITIVE_ARTEFACT"
NONE (ARTEFACT),LIDAR_566,False,0.0000,0.000,0.000,0.000,0.00,1461.00,0.00,0.00,0.00,0.00,0.00,REJECT,"FALSE_POSITIVE_ARTEFACT"
NONE (ARTEFACT),LIDAR_567,False,0.0000,0.000,0.000,0.000,0.00,6033.00,0.00,0.00,0.00,0.00,0.00,REJECT,"FALSE_POSITIVE_ARTEFACT"
NONE (ARTEFACT),LIDAR_568,False,0.0000,0.000,0.000,0.000,0.00,33.00,0.00,0.00,0.00,0.00,0.00,REJECT,"FALSE_POSITIVE_ARTEFACT"
NONE (ARTEFACT),LIDAR_569,False,0.0000,0.000,0.000,0.000,0.00,3153.00,0.00,0.00,0.00,0.00,0.00,REJECT,"FALSE_POSITIVE_ARTEFACT"
NONE (ARTEFACT),LIDAR_570,False,0.0000,0.000,0.000,0.000,0.00,71.00,0.00,0.00,0.00,0.00,0.00,REJECT,"FALSE_POSITIVE_ARTEFACT"
NONE (ARTEFACT),LIDAR_571,False,0.0000,0.000,0.000,0.000,0.00,15.00,0.00,0.00,0.00,0.00,0.00,REJECT,"FALSE_POSITIVE_ARTEFACT"
NONE (ARTEFACT),LIDAR_572,False,0.0000,0.000,0.000,0.000,0.00,58.00,0.00,0.00,0.00,0.00,0.00,REJECT,"FALSE_POSITIVE_ARTEFACT"
NONE (ARTEFACT),LIDAR_573,False,0.0000,0.000,0.000,0.000,0.00,59.00,0.00,0.00,0.00,0.00,0.00,REJECT,"FALSE_POSITIVE_ARTEFACT"
NONE (ARTEFACT),LIDAR_574,False,0.0000,0.000,0.000,0.000,0.00,2134.00,0.00,0.00,0.00,0.00,0.00,REJECT,"FALSE_POSITIVE_ARTEFACT"
NONE (ARTEFACT),LIDAR_575,False,0.0000,0.000,0.000,0.000,0.00,15.00,0.00,0.00,0.00,0.00,0.00,REJECT,"FALSE_POSITIVE_ARTEFACT"
