id,area_m2,vertices,conf_final,action_code,t_manual_sec,t_assisted_sec,time_saved_sec,reduction_pct
1,4500.45,54,0.485,ROSU_RESPINS_ARTEFACT,481.72,29.02,452.69,93.97
3,1780.87,131,0.498,ROSU_RESPINS_ARTEFACT,849.84,32.91,816.93,96.13
4,1698.89,94,0.451,ROSU_RESPINS_ARTEFACT,633.32,21.57,611.75,96.59
5,1647.1,237,0.455,ROSU_RESPINS_ARTEFACT,1353.01,23.13,1329.87,98.29
6,1592.39,133,0.528,ROSU_RESPINS_ARTEFACT,860.27,27.47,832.8,96.81
7,1547.21,116,0.558,ROSU_RESPINS_ARTEFACT,760.61,28.74,731.88,96.22
8,1461.03,138,0.52,ROSU_RESPINS_ARTEFACT,866.61,34.31,832.3,96.04
9,1325.1,127,0.498,ROSU_RESPINS_ARTEFACT,768.59,31.18,737.41,95.94
10,1231.79,131,0.47,ROSU_RESPINS_ARTEFACT,848.14,22.8,825.33,97.31
12,1227.34,52,0.584,ROSU_RESPINS_ARTEFACT,447.33,21.38,425.95,95.22
14,1194.74,125,0.557,ROSU_RESPINS_ARTEFACT,809.71,35.35,774.36,95.63
16,1079.87,67,0.467,ROSU_RESPINS_ARTEFACT,528.71,35.07,493.64,93.37
17,1063.06,127,0.542,ROSU_RESPINS_ARTEFACT,789.04,34.26,754.78,95.66
19,883.6,150,0.519,ROSU_RESPINS_ARTEFACT,969.92,26.97,942.95,97.22
20,883.54,85,0.565,ROSU_RESPINS_ARTEFACT,635.2,17.1,618.1,97.31
22,857.17,196,0.443,ROSU_RESPINS_ARTEFACT,1174.91,20.26,1154.65,98.28
23,847.95,74,0.463,ROSU_RESPINS_ARTEFACT,567.08,26.15,540.93,95.39
25,803.49,105,0.479,ROSU_RESPINS_ARTEFACT,706.76,32.76,674.0,95.36
29,732.13,76,0.531,ROSU_RESPINS_ARTEFACT,560.25,28.23,532.02,94.96
31,718.98,87,0.58,ROSU_RESPINS_ARTEFACT,602.7,29.02,573.68,95.18
32,714.36,54,0.552,ROSU_RESPINS_ARTEFACT,421.14,29.39,391.75,93.02
33,688.22,93,0.563,ROSU_RESPINS_ARTEFACT,669.65,29.82,639.82,95.55
37,630.25,82,0.453,ROSU_RESPINS_ARTEFACT,586.51,29.23,557.28,95.02
39,642.42,117,0.508,ROSU_RESPINS_ARTEFACT,769.47,33.95,735.51,95.59
41,630.64,61,0.579,ROSU_RESPINS_ARTEFACT,502.94,33.13,469.81,93.41
42,627.86,58,0.484,ROSU_RESPINS_ARTEFACT,496.91,27.68,469.23,94.43
43,626.69,103,0.537,ROSU_RESPINS_ARTEFACT,668.12,25.6,642.53,96.17
44,614.52,83,0.533,ROSU_RESPINS_ARTEFACT,621.98,24.04,597.94,96.13
45,605.08,79,0.478,ROSU_RESPINS_ARTEFACT,572.13,31.49,540.64,94.5
50,583.51,56,0.631,ROSU_RESPINS_ARTEFACT,458.87,31.68,427.19,93.1
51,576.72,52,0.345,ROSU_RESPINS_ARTEFACT,444.19,31.66,412.53,92.87
52,575.07,87,0.564,ROSU_RESPINS_ARTEFACT,614.77,33.48,581.29,94.55
55,554.59,90,0.501,ROSU_RESPINS_ARTEFACT,631.65,35.01,596.64,94.46
56,550.26,60,0.515,ROSU_RESPINS_ARTEFACT,516.1,26.43,489.67,94.88
57,549.7,57,0.484,ROSU_RESPINS_ARTEFACT,454.38,31.58,422.8,93.05
62,512.5,65,0.51,ROSU_RESPINS_ARTEFACT,537.8,43.8,494.0,91.86
66,487.97,55,0.649,ROSU_RESPINS_ARTEFACT,456.11,29.08,427.03,93.62
69,473.25,11,0.565,ROSU_RESPINS_ARTEFACT,245.43,22.62,222.81,90.78
70,470.93,48,0.56,ROSU_RESPINS_ARTEFACT,415.19,31.06,384.13,92.52
74,457.57,45,0.562,ROSU_RESPINS_ARTEFACT,413.67,24.48,389.19,94.08
75,454.96,64,0.504,ROSU_RESPINS_ARTEFACT,534.6,23.31,511.29,95.64
76,446.13,59,0.652,GALBEN_INSPECTIE_GEODEZ,478.79,26.75,452.04,94.41
82,422.77,35,0.507,ROSU_RESPINS_ARTEFACT,390.9,28.62,362.28,92.68
83,421.85,45,0.544,ROSU_RESPINS_ARTEFACT,410.8,30.6,380.19,92.55
84,421.75,59,0.45,ROSU_RESPINS_ARTEFACT,500.72,27.84,472.88,94.44
90,402.43,80,0.564,ROSU_RESPINS_ARTEFACT,583.0,33.59,549.41,94.24
95,385.53,47,0.486,ROSU_RESPINS_ARTEFACT,405.46,40.91,364.55,89.91
99,380.49,66,0.559,ROSU_RESPINS_ARTEFACT,511.33,34.46,476.87,93.26
100,379.5,64,0.495,ROSU_RESPINS_ARTEFACT,505.52,24.19,481.33,95.21
102,370.42,46,0.556,ROSU_RESPINS_ARTEFACT,413.89,32.22,381.67,92.22
105,369.09,43,0.528,ROSU_RESPINS_ARTEFACT,419.4,22.6,396.8,94.61
106,368.79,44,0.58,ROSU_RESPINS_ARTEFACT,399.13,34.07,365.06,91.46
107,364.8,28,0.537,ROSU_RESPINS_ARTEFACT,263.71,28.93,234.78,89.03
111,355.36,86,0.478,ROSU_RESPINS_ARTEFACT,583.76,30.85,552.91,94.72
112,351.61,60,0.557,ROSU_RESPINS_ARTEFACT,513.48,25.29,488.19,95.08
113,350.95,38,0.507,ROSU_RESPINS_ARTEFACT,376.28,28.27,348.01,92.49
114,349.56,38,0.535,ROSU_RESPINS_ARTEFACT,389.14,40.86,348.28,89.5
115,348.21,66,0.551,ROSU_RESPINS_ARTEFACT,494.27,27.08,467.19,94.52
117,347.83,46,0.584,ROSU_RESPINS_ARTEFACT,409.14,31.98,377.16,92.18
118,346.38,53,0.555,ROSU_RESPINS_ARTEFACT,454.29,33.34,420.95,92.66
124,339.39,38,0.494,ROSU_RESPINS_ARTEFACT,373.61,30.09,343.52,91.95
126,336.1,28,0.554,ROSU_RESPINS_ARTEFACT,330.43,29.18,301.24,91.17
127,335.96,44,0.767,GALBEN_INSPECTIE_GEODEZ,423.64,19.11,404.53,95.49
129,324.58,35,0.557,ROSU_RESPINS_ARTEFACT,362.59,29.54,333.05,91.85
142,313.0,34,0.635,ROSU_RESPINS_ARTEFACT,366.35,25.16,341.19,93.13
145,307.88,29,0.682,GALBEN_INSPECTIE_GEODEZ,332.07,17.08,314.99,94.86
146,307.35,12,0.488,ROSU_RESPINS_ARTEFACT,235.82,35.07,200.75,85.13
148,303.05,54,0.529,ROSU_RESPINS_ARTEFACT,448.11,27.38,420.74,93.89
150,302.78,32,0.623,ROSU_RESPINS_ARTEFACT,332.77,27.84,304.93,91.63
151,301.69,72,0.532,ROSU_RESPINS_ARTEFACT,518.6,29.13,489.48,94.38
155,298.36,46,0.5,ROSU_RESPINS_ARTEFACT,436.05,30.1,405.95,93.1
159,294.6,35,0.529,ROSU_RESPINS_ARTEFACT,343.99,26.06,317.93,92.42
160,293.94,59,0.566,ROSU_RESPINS_ARTEFACT,497.36,33.65,463.72,93.24
162,292.63,50,0.572,ROSU_RESPINS_ARTEFACT,431.03,26.33,404.7,93.89
168,288.43,36,0.576,ROSU_RESPINS_ARTEFACT,392.95,40.96,351.98,89.58
170,287.59,25,0.45,ROSU_RESPINS_ARTEFACT,322.57,26.15,296.42,91.89
173,286.68,42,0.55,ROSU_RESPINS_ARTEFACT,349.71,26.4,323.32,92.45
174,284.85,38,0.496,ROSU_RESPINS_ARTEFACT,409.08,27.31,381.77,93.32
176,282.0,36,0.532,ROSU_RESPINS_ARTEFACT,352.79,36.09,316.7,89.77
177,271.54,23,0.442,ROSU_RESPINS_ARTEFACT,299.73,36.38,263.34,87.86
182,274.43,20,0.555,ROSU_RESPINS_ARTEFACT,258.53,27.94,230.58,89.19
183,274.11,40,0.523,ROSU_RESPINS_ARTEFACT,388.26,32.77,355.49,91.56
187,265.0,40,0.515,ROSU_RESPINS_ARTEFACT,381.86,31.86,350.01,91.66
194,265.61,33,0.57,ROSU_RESPINS_ARTEFACT,357.35,30.53,326.82,91.46
196,263.0,44,0.565,ROSU_RESPINS_ARTEFACT,449.47,33.42,416.05,92.56
198,261.61,32,0.559,ROSU_RESPINS_ARTEFACT,377.4,21.4,356.0,94.33
210,252.36,43,0.538,ROSU_RESPINS_ARTEFACT,374.56,37.71,336.86,89.93
213,245.47,41,0.507,ROSU_RESPINS_ARTEFACT,369.07,29.92,339.15,91.89
223,247.85,50,0.546,ROSU_RESPINS_ARTEFACT,415.08,23.67,391.4,94.3
224,246.74,24,0.7,GALBEN_INSPECTIE_GEODEZ,301.49,12.02,289.47,96.01
225,246.62,26,0.565,ROSU_RESPINS_ARTEFACT,311.04,27.54,283.5,91.14
237,239.16,29,0.549,ROSU_RESPINS_ARTEFACT,300.72,24.21,276.51,91.95
241,238.03,33,0.59,ROSU_RESPINS_ARTEFACT,372.96,29.63,343.33,92.05
242,230.78,32,0.486,ROSU_RESPINS_ARTEFACT,349.6,27.32,322.29,92.19
243,236.19,38,0.593,ROSU_RESPINS_ARTEFACT,352.12,38.42,313.7,89.09
244,234.53,50,0.533,ROSU_RESPINS_ARTEFACT,462.51,35.79,426.72,92.26
245,234.13,32,0.5,ROSU_RESPINS_ARTEFACT,320.65,26.41,294.24,91.76
250,217.58,60,0.503,ROSU_RESPINS_ARTEFACT,460.95,34.6,426.35,92.49
255,226.06,37,0.459,ROSU_RESPINS_ARTEFACT,371.32,37.81,333.51,89.82
257,224.36,40,0.475,ROSU_RESPINS_ARTEFACT,378.61,23.28,355.33,93.85
259,184.4,30,0.511,ROSU_RESPINS_ARTEFACT,346.16,26.94,319.22,92.22
263,219.14,40,0.576,ROSU_RESPINS_ARTEFACT,364.75,26.04,338.71,92.86
265,218.17,47,0.628,ROSU_RESPINS_ARTEFACT,413.68,27.31,386.37,93.4
266,217.57,46,0.545,ROSU_RESPINS_ARTEFACT,417.9,33.95,383.95,91.88
271,214.28,40,0.49,ROSU_RESPINS_ARTEFACT,359.29,26.38,332.91,92.66
275,211.28,25,0.516,ROSU_RESPINS_ARTEFACT,277.44,25.67,251.77,90.75
280,206.39,33,0.507,ROSU_RESPINS_ARTEFACT,340.79,26.94,313.85,92.1
281,199.51,26,0.547,ROSU_RESPINS_ARTEFACT,314.84,27.31,287.53,91.33
283,205.77,34,0.62,ROSU_RESPINS_ARTEFACT,379.78,17.84,361.94,95.3
285,204.39,29,0.566,ROSU_RESPINS_ARTEFACT,321.46,27.17,294.29,91.55
286,203.69,36,0.6,ROSU_RESPINS_ARTEFACT,381.57,31.88,349.69,91.64
288,202.22,41,0.518,ROSU_RESPINS_ARTEFACT,379.35,28.09,351.26,92.6
289,201.78,49,0.585,ROSU_RESPINS_ARTEFACT,452.57,36.2,416.37,92.0
291,200.4,30,0.594,ROSU_RESPINS_ARTEFACT,291.62,28.44,263.19,90.25
301,190.64,24,0.534,ROSU_RESPINS_ARTEFACT,315.83,34.34,281.49,89.13
302,190.46,35,0.569,ROSU_RESPINS_ARTEFACT,325.43,35.91,289.52,88.96
304,183.86,33,0.453,ROSU_RESPINS_ARTEFACT,378.76,31.1,347.66,91.79
306,187.34,50,0.589,ROSU_RESPINS_ARTEFACT,432.87,25.91,406.96,94.01
307,186.61,33,0.518,ROSU_RESPINS_ARTEFACT,357.1,35.38,321.72,90.09
310,184.0,68,0.397,ROSU_RESPINS_ARTEFACT,500.7,32.08,468.62,93.59
313,182.38,34,0.567,ROSU_RESPINS_ARTEFACT,383.02,32.26,350.76,91.58
319,181.23,28,0.648,ROSU_RESPINS_ARTEFACT,320.12,37.68,282.44,88.23
322,180.35,53,0.449,ROSU_RESPINS_ARTEFACT,453.89,42.42,411.47,90.65
323,180.11,30,0.538,ROSU_RESPINS_ARTEFACT,350.04,31.31,318.73,91.05
324,179.22,24,0.498,ROSU_RESPINS_ARTEFACT,328.85,38.16,290.69,88.4
326,178.79,39,0.573,ROSU_RESPINS_ARTEFACT,366.32,35.67,330.65,90.26
328,177.39,41,0.577,ROSU_RESPINS_ARTEFACT,366.95,25.13,341.82,93.15
330,175.49,23,0.512,ROSU_RESPINS_ARTEFACT,269.85,23.72,246.13,91.21
335,168.53,35,0.569,ROSU_RESPINS_ARTEFACT,348.17,28.97,319.2,91.68
336,167.71,55,0.512,ROSU_RESPINS_ARTEFACT,439.93,33.68,406.25,92.35
337,166.39,34,0.543,ROSU_RESPINS_ARTEFACT,376.29,43.06,333.23,88.56
338,166.25,45,0.541,ROSU_RESPINS_ARTEFACT,412.25,29.47,382.78,92.85
341,164.15,19,0.528,ROSU_RESPINS_ARTEFACT,263.92,26.63,237.29,89.91
345,162.0,40,0.298,ROSU_RESPINS_ARTEFACT,382.16,35.65,346.51,90.67
347,161.27,31,0.547,ROSU_RESPINS_ARTEFACT,341.24,23.16,318.08,93.21
348,160.14,31,0.561,ROSU_RESPINS_ARTEFACT,351.29,36.55,314.74,89.59
350,159.95,33,0.599,ROSU_RESPINS_ARTEFACT,352.8,24.08,328.72,93.17
351,159.83,42,0.515,ROSU_RESPINS_ARTEFACT,405.68,32.42,373.27,92.01
353,159.14,47,0.467,ROSU_RESPINS_ARTEFACT,412.34,33.16,379.18,91.96
357,157.54,34,0.475,ROSU_RESPINS_ARTEFACT,344.37,29.27,315.1,91.5
363,155.8,46,0.557,ROSU_RESPINS_ARTEFACT,392.68,22.41,370.27,94.29
366,152.82,6,0.543,ROSU_RESPINS_ARTEFACT,222.09,38.68,183.41,82.58
373,148.52,32,0.547,ROSU_RESPINS_ARTEFACT,344.34,30.01,314.33,91.29
376,147.0,54,0.438,ROSU_RESPINS_ARTEFACT,471.02,29.91,441.11,93.65
378,145.5,38,0.444,ROSU_RESPINS_ARTEFACT,360.83,31.05,329.78,91.4
381,143.7,19,0.686,GALBEN_INSPECTIE_GEODEZ,277.19,12.86,264.33,95.36
382,142.52,27,0.555,ROSU_RESPINS_ARTEFACT,309.32,35.34,273.98,88.57
387,138.45,20,0.673,GALBEN_INSPECTIE_GEODEZ,318.49,18.24,300.25,94.27
389,138.26,25,0.585,ROSU_RESPINS_ARTEFACT,268.7,32.78,235.92,87.8
390,138.26,39,0.503,ROSU_RESPINS_ARTEFACT,356.09,23.16,332.93,93.5
392,137.15,34,0.593,ROSU_RESPINS_ARTEFACT,331.11,25.45,305.66,92.31
394,135.38,23,0.484,ROSU_RESPINS_ARTEFACT,337.3,33.7,303.61,90.01
396,133.96,19,0.671,GALBEN_INSPECTIE_GEODEZ,301.93,18.64,283.29,93.83
397,133.34,25,0.488,ROSU_RESPINS_ARTEFACT,315.51,39.26,276.25,87.56
398,133.28,28,0.452,ROSU_RESPINS_ARTEFACT,348.17,33.3,314.87,90.43
403,129.18,44,0.526,ROSU_RESPINS_ARTEFACT,374.25,33.3,340.95,91.1
404,128.05,22,0.561,ROSU_RESPINS_ARTEFACT,300.44,32.99,267.44,89.02
407,125.87,24,0.624,ROSU_RESPINS_ARTEFACT,330.33,21.89,308.44,93.37
409,124.43,42,0.472,ROSU_RESPINS_ARTEFACT,395.53,24.79,370.74,93.73
411,112.82,23,0.545,ROSU_RESPINS_ARTEFACT,324.0,30.34,293.66,90.63
412,121.67,33,0.592,ROSU_RESPINS_ARTEFACT,358.95,28.02,330.93,92.19
414,120.51,23,0.532,ROSU_RESPINS_ARTEFACT,300.77,25.72,275.05,91.45
416,117.36,30,0.589,ROSU_RESPINS_ARTEFACT,348.93,35.35,313.58,89.87
417,115.74,32,0.533,ROSU_RESPINS_ARTEFACT,335.39,35.52,299.86,89.41
419,114.41,37,0.505,ROSU_RESPINS_ARTEFACT,393.97,27.97,366.0,92.9
422,111.22,21,0.639,ROSU_RESPINS_ARTEFACT,310.06,28.79,281.28,90.72
423,109.92,22,0.483,ROSU_RESPINS_ARTEFACT,252.05,30.02,222.03,88.09
424,109.62,39,0.467,ROSU_RESPINS_ARTEFACT,387.16,29.12,358.04,92.48
425,109.46,34,0.527,ROSU_RESPINS_ARTEFACT,347.22,31.03,316.19,91.06
426,85.02,30,0.476,ROSU_RESPINS_ARTEFACT,368.19,27.54,340.65,92.52
431,104.16,19,0.553,ROSU_RESPINS_ARTEFACT,269.74,37.3,232.44,86.17
432,102.87,40,0.537,ROSU_RESPINS_ARTEFACT,373.52,33.36,340.16,91.07
435,97.64,47,0.423,ROSU_RESPINS_ARTEFACT,448.4,27.13,421.27,93.95
436,95.65,27,0.532,ROSU_RESPINS_ARTEFACT,324.9,40.25,284.65,87.61
438,95.39,25,0.667,GALBEN_INSPECTIE_GEODEZ,280.96,15.1,265.86,94.63
439,95.16,22,0.699,GALBEN_INSPECTIE_GEODEZ,321.88,18.76,303.12,94.17
443,92.28,29,0.493,ROSU_RESPINS_ARTEFACT,367.73,33.6,334.13,90.86
444,92.24,24,0.524,ROSU_RESPINS_ARTEFACT,336.03,35.74,300.3,89.36
445,91.92,22,0.608,ROSU_RESPINS_ARTEFACT,332.0,37.11,294.89,88.82
447,90.28,29,0.502,ROSU_RESPINS_ARTEFACT,350.31,26.11,324.2,92.55
448,79.14,26,0.492,ROSU_RESPINS_ARTEFACT,329.14,31.15,297.99,90.54
449,87.33,31,0.535,ROSU_RESPINS_ARTEFACT,348.02,41.01,307.01,88.22
451,86.9,18,0.575,ROSU_RESPINS_ARTEFACT,287.09,29.72,257.37,89.65
452,68.09,14,0.594,ROSU_RESPINS_ARTEFACT,260.89,31.17,229.73,88.05
453,82.57,31,0.577,ROSU_RESPINS_ARTEFACT,346.97,36.17,310.8,89.58
457,78.39,25,0.435,ROSU_RESPINS_ARTEFACT,301.41,29.87,271.54,90.09
459,75.16,21,0.633,ROSU_RESPINS_ARTEFACT,256.11,32.39,223.72,87.35
460,70.79,13,0.737,GALBEN_INSPECTIE_GEODEZ,247.81,13.5,234.31,94.55
461,69.9,19,0.673,GALBEN_INSPECTIE_GEODEZ,272.17,20.73,251.43,92.38
464,64.52,23,0.57,ROSU_RESPINS_ARTEFACT,267.65,31.41,236.24,88.26
468,59.98,27,0.463,ROSU_RESPINS_ARTEFACT,314.67,29.78,284.89,90.53
471,53.9,22,0.434,ROSU_RESPINS_ARTEFACT,323.51,32.43,291.08,89.97
472,53.34,19,0.499,ROSU_RESPINS_ARTEFACT,304.32,29.75,274.57,90.23
478,43.83,19,0.465,ROSU_RESPINS_ARTEFACT,319.51,23.04,296.47,92.79
482,26.59,9,0.628,ROSU_RESPINS_ARTEFACT,233.38,27.96,205.42,88.02
